Group_ID,Bid_First,Ask_First,Bid_Last,Ask_Last,Volume,Volatility,Min,Max
10000,1.42003,1.42013,1.4203299999999999,1.42048,855,0.00018734679147153704,1.42,1.42095
10001,1.42035,1.4205,1.42068,1.42078,1135,0.00013328543647107965,1.42022,1.42099
10100,1.42066,1.42069,1.42131,1.42137,1224,0.00026261650700323954,1.42055,1.42171
10101,1.42131,1.4213799999999999,1.41996,1.42009,1499,0.0004240855040716482,1.41937,1.42163
10200,1.4199700000000002,1.42009,1.41995,1.42004,2421,0.0005039588907650571,1.41832,1.42055
10201,1.41995,1.42003,1.42854,1.42864,2064,0.0028982588729228945,1.41974,1.42864
10300,1.4285700000000001,1.42865,1.4273799999999999,1.42743,2576,0.00044367458336414765,1.42698,1.42897
10301,1.4273799999999999,1.42746,1.42729,1.42737,2240,0.00042460185401423323,1.42658,1.4285
10400,1.4272799999999999,1.42735,1.42656,1.42664,2156,0.0004778046383248056,1.42557,1.4279
10401,1.42659,1.42666,1.42664,1.42672,2327,0.00040434352162559275,1.4256799999999998,1.42763
10500,1.4266299999999998,1.4267,1.4269399999999999,1.4270100000000001,2529,0.0004524725661847649,1.42611,1.42855
10501,1.42695,1.4270100000000001,1.4269100000000001,1.42698,2400,0.0004230955390827145,1.42535,1.42747
10600,1.4269100000000001,1.42696,1.4289100000000001,1.42899,1985,0.0005849215674998806,1.42656,1.429
10601,1.42889,1.42897,1.42846,1.42854,2189,0.0007009273220306952,1.42815,1.4311
10700,1.42848,1.42856,1.42895,1.4290200000000002,1771,0.0004782058049132164,1.42787,1.42977
10701,1.42892,1.429,1.42982,1.4298899999999999,1555,0.0007488223364427464,1.42846,1.43071
10800,1.4298,1.42987,1.4314200000000001,1.43149,2214,0.000508796317394386,1.42945,1.4315799999999999
10801,1.4314,1.43147,1.43252,1.43259,3560,0.0010802703094392426,1.43058,1.43496
10900,1.4325,1.4325700000000001,1.43167,1.43174,2540,0.0005664872076373132,1.43054,1.43339
10901,1.43165,1.43172,1.43305,1.43387,2957,0.0010485828227802245,1.4300899999999999,1.43404
11000,1.43305,1.43387,1.43305,1.43318,5007,0.0007633624663138812,1.4309399999999999,1.43495
11001,1.43308,1.43319,1.43204,1.43212,3832,0.0008883735425221869,1.43184,1.4356
11100,1.4320700000000002,1.43208,1.43315,1.43323,3712,0.0005054713514845251,1.43097,1.43353
11101,1.43318,1.43325,1.43287,1.43293,2638,0.0004236096330703669,1.43225,1.43414
11200,1.43287,1.43292,1.43192,1.432,2199,0.0003946127954865537,1.4315799999999999,1.43341
11201,1.43194,1.432,1.4295200000000001,1.42959,1780,0.0009138840824498944,1.42924,1.43269
11300,1.42955,1.4296200000000001,1.42927,1.42934,1491,0.0003862032905134738,1.42841,1.43059
11301,1.42931,1.42934,1.43025,1.4303299999999999,1153,0.0003507913946725289,1.4287,1.43038
11400,1.43022,1.43025,1.42974,1.42977,791,0.00027645420412705763,1.42927,1.43048
11401,1.42969,1.4297600000000001,1.4303700000000001,1.43041,921,0.0002454046777008335,1.42954,1.4308
11500,1.4303700000000001,1.4304299999999999,1.4304,1.4304700000000001,723,0.00015038641099620966,1.43012,1.43089
11501,1.4304,1.43045,1.43006,1.4301,978,0.0006631764984619469,1.42963,1.43204
11600,1.43006,1.43014,1.4298600000000001,1.42993,478,0.00028335066593816684,1.4298600000000001,1.4310200000000002
11601,1.42985,1.42994,1.42644,1.4275200000000001,1434,0.0009932786964671379,1.4260899999999999,1.4300899999999999
31700,1.42855,1.42974,1.42913,1.4297799999999998,357,0.00046150012857834334,1.42753,1.4302700000000002
31701,1.42918,1.4297799999999998,1.42867,1.42934,658,0.00023868141802174843,1.4280899999999999,1.43012
31800,1.42869,1.42926,1.42862,1.42889,809,0.00029383875916846246,1.42812,1.42975
31801,1.42859,1.42886,1.42836,1.42861,1156,0.0008017947217554202,1.42608,1.4289399999999999
31900,1.42842,1.4286299999999998,1.4286,1.4287,1477,0.00023238532700059738,1.42841,1.42963
31901,1.4286,1.42872,1.4293799999999999,1.42951,904,0.00029027088294851955,1.42791,1.42961
32000,1.4294,1.4295,1.42924,1.42936,1858,0.0005496414765422511,1.42907,1.43147
32001,1.42925,1.42941,1.43206,1.43219,1366,0.0009105571978558096,1.42921,1.4325299999999999
32100,1.43206,1.43216,1.4298,1.42991,1433,0.0008247869654315179,1.42967,1.4329100000000001
32101,1.4297600000000001,1.42991,1.43195,1.43206,2081,0.001970905599138568,1.42787,1.43477
32200,1.43195,1.43205,1.42974,1.42987,1614,0.000888590820234429,1.42964,1.43356
32201,1.42975,1.42992,1.43015,1.4303,1523,0.0003653472247319953,1.4290100000000001,1.4309100000000001
32300,1.43014,1.4303,1.42909,1.4292,1155,0.0004053637901702004,1.42898,1.43075
32301,1.42913,1.4292,1.42849,1.42854,954,0.00024220544929071317,1.42846,1.42955
40000,1.42846,1.42854,1.4293,1.4294200000000001,849,0.00023866758841319897,1.42819,1.42944
40001,1.42931,1.4294200000000001,1.4306299999999998,1.4307299999999998,938,0.0003377121079566831,1.42917,1.43082
40100,1.4306,1.4307299999999998,1.43039,1.43048,913,0.0002370965731032691,1.43014,1.43126
40101,1.4304,1.43048,1.43,1.43011,1187,0.0002193954579495461,1.42972,1.4308
40200,1.43,1.4300899999999999,1.42984,1.42997,2537,0.00037181034457138865,1.4296799999999998,1.43145
40201,1.42993,1.43,1.42866,1.4287299999999998,1625,0.0002658128798205119,1.4285700000000001,1.43013
40300,1.42874,1.4288100000000001,1.42465,1.4247,2083,0.0010146136544146448,1.42419,1.42944
40301,1.42461,1.4247,1.4255,1.42566,2124,0.0006270865729166657,1.42458,1.42705
40400,1.42547,1.42564,1.42251,1.42261,2006,0.0009292837621282808,1.42238,1.42584
40401,1.42251,1.42259,1.42264,1.42272,1828,0.0002863806530979932,1.42216,1.42362
40500,1.42262,1.42268,1.4229,1.42298,1638,0.0002994769904482315,1.42234,1.42401
40501,1.4229100000000001,1.42298,1.42086,1.4209399999999999,1725,0.0007252668580608385,1.4208100000000001,1.4234799999999999
40600,1.42089,1.42097,1.42182,1.42191,1690,0.00029139033967738717,1.42029,1.42192
40601,1.42184,1.42193,1.42229,1.4223700000000001,1401,0.00032429105772362475,1.4211200000000002,1.42245
40700,1.4223700000000001,1.42246,1.42295,1.42303,1445,0.00028121139324950676,1.4220899999999999,1.42347
40701,1.42295,1.4230399999999999,1.42173,1.42182,1715,0.00039998893235598354,1.42119,1.4230399999999999
40800,1.42169,1.4217799999999998,1.42405,1.42414,2233,0.0006912835468004556,1.42133,1.42422
40801,1.4240700000000002,1.42415,1.42601,1.4261,2524,0.0006136199247542409,1.4233,1.42629
40900,1.42601,1.4260700000000002,1.4257799999999998,1.42587,2363,0.00041092847765836373,1.4257600000000001,1.4276
40901,1.4258,1.42588,1.42411,1.42426,2347,0.0003981363792293986,1.4241,1.4261700000000002
41000,1.42416,1.42431,1.42096,1.42107,2851,0.0008324960637280332,1.42088,1.4252200000000002
41001,1.4209399999999999,1.42105,1.42323,1.4232799999999999,2479,0.0007647194815971221,1.42079,1.42351
41100,1.42324,1.4233200000000001,1.4222299999999999,1.42231,2195,0.0003786972541964982,1.42174,1.4234200000000001
41101,1.42224,1.42231,1.4217899999999999,1.42187,1666,0.00021778018483168543,1.42165,1.42289
41200,1.4218,1.4218899999999999,1.42236,1.42245,1387,0.00039307038934784187,1.42113,1.4228299999999998
41201,1.42234,1.4224299999999999,1.42204,1.42208,1204,0.0003191243679250603,1.42113,1.42269
41300,1.42205,1.42206,1.42236,1.42238,852,0.0002754778882684162,1.4212799999999999,1.42242
41301,1.42232,1.42236,1.42181,1.4218899999999999,869,0.00031497103868253525,1.42093,1.42242
41400,1.42182,1.4218899999999999,1.42078,1.42087,1307,0.0004577392724181562,1.4198600000000001,1.422
41401,1.42079,1.42087,1.41974,1.41981,1064,0.0003881726048808314,1.41913,1.42087
41500,1.41972,1.4197899999999999,1.42062,1.42065,742,0.00028153458106977,1.4196799999999998,1.42085
41501,1.42055,1.42061,1.4214799999999999,1.42151,726,0.00024156434890801264,1.42048,1.4216799999999998
41600,1.42144,1.42151,1.4219,1.4219700000000002,734,0.0005145348194810028,1.42089,1.4227100000000001
41601,1.4219,1.4219899999999999,1.42204,1.42244,1142,0.00030735116118584964,1.42147,1.42308
41700,1.42195,1.42242,1.42153,1.42198,593,0.00022256628960818205,1.42139,1.4229399999999999
41701,1.42153,1.42206,1.4227,1.42292,1699,0.00022264143393506302,1.42153,1.42321
41800,1.4227,1.42301,1.42193,1.42212,1198,0.0002545026990597064,1.42188,1.42313
41801,1.42193,1.42215,1.4214799999999999,1.42169,790,0.0002110572917668289,1.4213,1.42244
41900,1.42149,1.4217,1.42173,1.42184,629,0.0001644373215546399,1.42108,1.42193
41901,1.42171,1.42184,1.42226,1.42239,1052,0.00018297335347456053,1.4214,1.42239
42000,1.42225,1.42236,1.42059,1.42074,1367,0.00048087848095018036,1.42032,1.42242
42001,1.42061,1.42075,1.42219,1.42229,1061,0.0005541004716706266,1.42029,1.42246
42100,1.42219,1.4223,1.4217,1.42188,1281,0.00030334938448633547,1.42156,1.4230200000000002
42101,1.42259,1.42282,1.42074,1.42087,1481,0.0007283158155796094,1.42064,1.42344
42200,1.42074,1.4208399999999999,1.4207299999999998,1.42083,923,0.0002053314583678069,1.42018,1.4212799999999999
42201,1.42072,1.42083,1.4191200000000002,1.41926,1007,0.0004680346162473838,1.4188100000000001,1.4208399999999999
42300,1.41911,1.4192200000000001,1.4194799999999999,1.4196,1188,0.0006351744601081825,1.4176799999999998,1.4199700000000002
42301,1.4194799999999999,1.41959,1.4179,1.41802,1079,0.0005927872125781317,1.41761,1.41983
50000,1.4179,1.4179899999999999,1.4177799999999998,1.41826,1530,0.0003720084795897675,1.41685,1.41861
50001,1.4177799999999998,1.41826,1.4082,1.40835,4344,0.005170771757940956,1.40696,1.42908
50100,1.40825,1.4083700000000001,1.40711,1.40724,2584,0.0008629613645857912,1.4064299999999998,1.41022
50101,1.4070799999999999,1.40724,1.41012,1.41019,1824,0.0009045392868307059,1.40697,1.41059
50200,1.41012,1.41018,1.40937,1.40943,3025,0.0006436492033499164,1.40845,1.41133
50201,1.40937,1.4094200000000001,1.40947,1.40954,3137,0.0007672257924049838,1.40913,1.4121700000000001
50300,1.4095600000000001,1.40957,1.41046,1.4105299999999998,3385,0.0007891451233441278,1.40701,1.4105299999999998
50301,1.41046,1.41054,1.4077600000000001,1.40782,2932,0.00080294554292709,1.40774,1.41069
50400,1.40785,1.40793,1.40672,1.40678,2912,0.0004405925851244233,1.40563,1.4083299999999999
50401,1.40656,1.40659,1.40931,1.4094799999999998,2827,0.0007964539274088885,1.40639,1.40953
50500,1.40931,1.40949,1.4086,1.40867,2471,0.0007344077300792208,1.40802,1.41109
50501,1.40858,1.40866,1.41173,1.41181,2318,0.0007480956628448944,1.40847,1.41214
50600,1.41175,1.41183,1.4117600000000001,1.41183,2166,0.0005936482630314445,1.41044,1.41311
50601,1.41178,1.41184,1.4136799999999998,1.4137899999999999,2032,0.000693263118444003,1.41111,1.4138
50700,1.4137,1.4137899999999999,1.4131200000000002,1.41319,2408,0.0006158652456387836,1.4118600000000001,1.41424
50701,1.4131,1.41316,1.41174,1.41182,2387,0.00035751642771904117,1.41161,1.4138600000000001
50800,1.41174,1.41183,1.41065,1.4109,2470,0.0006834207232979505,1.41008,1.41313
50801,1.41125,1.41159,1.41093,1.411,4574,0.0006034145818899806,1.4102299999999999,1.41345
50900,1.4109200000000002,1.41099,1.41028,1.41035,3201,0.0004034570839838258,1.4098600000000001,1.41182
50901,1.4103,1.41038,1.41137,1.41178,3685,0.000829875096576313,1.4081,1.41196
51000,1.4109200000000002,1.41201,1.40919,1.40926,5177,0.0012513927211411605,1.40811,1.41283
51001,1.4092200000000001,1.4092799999999999,1.40906,1.4091200000000002,4219,0.0006613664014955743,1.40805,1.41097
51100,1.40906,1.40914,1.40996,1.41004,3735,0.0007487338325195906,1.4077899999999999,1.41125
51101,1.40994,1.41001,1.40731,1.4073799999999999,2822,0.001047898435680078,1.40625,1.41024
51200,1.4072799999999999,1.40735,1.40841,1.40849,1448,0.00033263347540645925,1.40721,1.40875
51201,1.40841,1.40848,1.40952,1.40959,1450,0.00043759171967063025,1.40782,1.40963
51300,1.40953,1.40961,1.40901,1.40909,1816,0.00035985438503074465,1.40869,1.41089
51301,1.40903,1.40911,1.40831,1.40838,1178,0.00021668017664957316,1.4079899999999999,1.40924
51400,1.40829,1.40836,1.40895,1.40896,1077,0.00038560245861674,1.40811,1.40977
51401,1.40897,1.40899,1.40925,1.40934,1022,0.00022608452193602962,1.4089200000000002,1.4101
51500,1.40926,1.40937,1.40961,1.4096799999999998,917,0.0002398629905536007,1.4091799999999999,1.4102700000000001
51501,1.4096600000000001,1.40972,1.40899,1.40907,821,0.00028840746943046186,1.40867,1.40983
51600,1.40901,1.4090799999999999,1.40836,1.4084299999999998,830,0.00031114183689198705,1.40836,1.40995
51601,1.4083700000000001,1.40845,1.40825,1.40865,1629,0.0002623250315582537,1.40741,1.40878
51700,1.40815,1.40867,1.40873,1.4089399999999999,880,0.00023716700858901645,1.40765,1.40919
51701,1.40873,1.4089200000000002,1.40832,1.40849,1531,0.00017936476838231313,1.40794,1.40909
51800,1.4082700000000001,1.40856,1.40947,1.40967,1938,0.0002566140724881178,1.40814,1.4097
51801,1.40949,1.4097,1.40963,1.40975,1409,0.0005912889319570919,1.40873,1.4113200000000001
51900,1.40963,1.40978,1.4107100000000001,1.4108,1305,0.0003473258436074567,1.40961,1.41174
51901,1.41064,1.41078,1.4099,1.4099899999999999,1153,0.0004386632982290762,1.40951,1.41126
52000,1.4098700000000002,1.4099700000000002,1.40855,1.40868,1620,0.000504509950307649,1.40803,1.41012
52001,1.4086,1.40868,1.40856,1.40869,1706,0.00023515628280411805,1.40784,1.40919
52100,1.40857,1.4087100000000001,1.40825,1.4085299999999998,1943,0.0005940256536505926,1.40796,1.41051
52101,1.40877,1.4098600000000001,1.40875,1.40885,2666,0.0005935284666276864,1.4067399999999999,1.41052
52200,1.40875,1.4088200000000002,1.40826,1.40842,1292,0.0001937788193256746,1.40804,1.40903
52201,1.40825,1.40839,1.40785,1.40796,2025,0.0004761457742348243,1.40614,1.40854
52300,1.4078600000000001,1.40796,1.41011,1.41018,2061,0.0010208518017994909,1.40716,1.4102700000000001
52301,1.41011,1.4102,1.40883,1.409,1675,0.0003397777887642108,1.4084299999999998,1.4102
60000,1.40883,1.40899,1.4095600000000001,1.40963,1533,0.0003123245131062926,1.40867,1.41046
60001,1.40957,1.40963,1.4096899999999999,1.4098,1239,0.00023775767821816518,1.40889,1.41002
60100,1.4096600000000001,1.40978,1.41143,1.41153,1585,0.0006240335830095008,1.4093799999999999,1.4116600000000001
60101,1.41141,1.41153,1.41162,1.4117,1517,0.0002973625789930985,1.4104700000000001,1.41214
60200,1.41159,1.4116600000000001,1.41169,1.41184,2637,0.0005130222644608323,1.4097600000000001,1.41259
60201,1.41165,1.41178,1.4114,1.41147,3242,0.0004081345306532991,1.41065,1.41268
60300,1.41139,1.41145,1.40926,1.40934,3538,0.0004789811815146318,1.4087,1.41145
60301,1.40929,1.40935,1.40914,1.40923,3761,0.0006979991875188086,1.40858,1.41144
60400,1.4091200000000002,1.40921,1.4085,1.4086,3356,0.0006623996518770562,1.4072200000000001,1.41018
60401,1.4084299999999998,1.40854,1.40715,1.4073,3339,0.0005411694184012315,1.40704,1.40937
60500,1.40713,1.4072799999999999,1.40626,1.40631,3414,0.0007592169825287714,1.40438,1.40737
60501,1.40628,1.40631,1.40693,1.40698,2338,0.0003720444138087661,1.40544,1.40729
60600,1.4069399999999999,1.40698,1.40839,1.40846,2435,0.00043899900394493637,1.40654,1.40855
60601,1.40836,1.4084299999999998,1.40573,1.4058,2189,0.0008238334236737375,1.40561,1.4086
60700,1.4056799999999998,1.40574,1.40403,1.4040700000000002,2311,0.0006784835740187476,1.40331,1.40611
60701,1.40401,1.4040700000000002,1.4036,1.40367,1980,0.0003900114863755688,1.4026100000000001,1.4045
60800,1.40361,1.4036899999999999,1.40701,1.40709,4265,0.0011712319183819653,1.40307,1.4078700000000002
60801,1.40699,1.40707,1.40809,1.40819,5067,0.0006849615976760013,1.40583,1.4088200000000002
60900,1.40812,1.40821,1.40864,1.4087100000000001,3591,0.0004137243497317363,1.40753,1.40949
60901,1.40868,1.40873,1.4146,1.41467,4495,0.001992069053477966,1.4085,1.4151
61000,1.41458,1.41466,1.4147399999999999,1.41475,4947,0.00045326359464003575,1.41341,1.41577
61001,1.41475,1.41476,1.41612,1.41619,4254,0.0005191184018184347,1.41412,1.41706
61100,1.4161299999999999,1.41616,1.41505,1.41509,3359,0.0004485511526789076,1.41442,1.41646
61101,1.41503,1.41509,1.41739,1.41749,2806,0.0008358066356076033,1.41488,1.41804
61200,1.41737,1.41745,1.41759,1.4176600000000001,2402,0.0003985843492742592,1.4167100000000001,1.4185
61201,1.41757,1.41765,1.42011,1.42012,2183,0.0007398832427240623,1.41723,1.42025
61300,1.42015,1.42019,1.4207,1.42077,2303,0.0006598955443972576,1.4197799999999998,1.42239
61301,1.42067,1.42075,1.42169,1.42175,1644,0.0005621813093838907,1.4204,1.42267
61400,1.42169,1.42174,1.42429,1.42436,1741,0.0009296754247513508,1.4211200000000002,1.42466
61401,1.4242700000000001,1.42434,1.42531,1.4254,1859,0.00043623862183243367,1.42418,1.42611
61500,1.42533,1.4254200000000001,1.42515,1.42521,992,0.0003421946585440939,1.4240700000000002,1.42554
61501,1.4251200000000002,1.42521,1.4229,1.42299,963,0.0005641188243174349,1.42285,1.42526
61600,1.42289,1.42297,1.42459,1.42467,695,0.00041429404171791396,1.4228100000000001,1.42478
61601,1.42459,1.42468,1.42361,1.424,1685,0.0003475351438626109,1.42292,1.42477
61700,1.42361,1.4239899999999999,1.4225299999999999,1.4229399999999999,1163,0.0002467898659833676,1.42231,1.4243
61701,1.42252,1.4229399999999999,1.42315,1.42337,982,0.0002844879375041206,1.42231,1.42395
61800,1.42311,1.4233799999999999,1.42225,1.42244,1756,0.00029909505559277364,1.42208,1.4235200000000001
61801,1.4222700000000001,1.42245,1.42331,1.42343,1321,0.00023531868832159532,1.42224,1.42361
61900,1.42331,1.42345,1.42422,1.42435,1371,0.00022301360189599633,1.42329,1.42445
61901,1.42418,1.4243299999999999,1.4256,1.4257,1480,0.0005342560119237555,1.42363,1.4259700000000002
62000,1.42561,1.4257,1.42556,1.42565,1955,0.00023947080168424813,1.42517,1.4266
62001,1.42557,1.42567,1.4229100000000001,1.4230200000000002,1712,0.0009253938872749969,1.42274,1.4259600000000001
62100,1.42292,1.4230399999999999,1.42391,1.4252799999999999,2124,0.0006345543077998435,1.42292,1.42588
62101,1.4271200000000002,1.4279,1.42204,1.42222,3400,0.0013919284865291147,1.42127,1.4297
62200,1.4220700000000002,1.42222,1.42074,1.42082,2344,0.0006553664440256039,1.42055,1.42377
62201,1.4207100000000001,1.42082,1.4194200000000001,1.41957,2116,0.00033624136747994294,1.4187,1.4211
62300,1.4194200000000001,1.41954,1.41854,1.41859,2020,0.00034457887111499953,1.41801,1.41957
62301,1.41854,1.41861,1.42096,1.42108,2123,0.0010104892367991608,1.41737,1.4211
70000,1.42095,1.4211,1.4211799999999999,1.4212799999999999,1641,0.0004636659683281333,1.41975,1.42182
70001,1.42121,1.42129,1.4217,1.42181,1637,0.00027308278227783513,1.4206299999999998,1.42205
70100,1.42172,1.42181,1.42151,1.42162,1985,0.0003712102209190007,1.4205,1.4223700000000001
70101,1.4214799999999999,1.42156,1.42266,1.42286,1929,0.0005590117818174527,1.42137,1.42366
70200,1.42264,1.42287,1.42198,1.4220700000000002,3330,0.00039198212329091754,1.4214200000000001,1.42362
70201,1.42198,1.4220899999999999,1.42339,1.42347,2911,0.0009146377584093567,1.4210399999999999,1.4248299999999998
70300,1.4234,1.4234799999999999,1.42751,1.42759,3863,0.0012456876739551947,1.4229100000000001,1.42792
70301,1.42749,1.4275799999999998,1.4289100000000001,1.42897,3424,0.0006461074764889012,1.42678,1.42977
70400,1.4289100000000001,1.42898,1.42943,1.42951,3618,0.0005823628946286171,1.42726,1.4302700000000002
70401,1.4294200000000001,1.4295,1.42919,1.4292799999999999,3066,0.0005423428658771176,1.42856,1.43078
70500,1.42918,1.42926,1.43067,1.43078,3946,0.0018436770170286326,1.42855,1.43529
70501,1.43069,1.4308100000000001,1.4306299999999998,1.43071,3243,0.00044437268276605556,1.42993,1.43191
70600,1.4306299999999998,1.43072,1.42815,1.4282299999999999,3017,0.0009089183543725583,1.42687,1.43072
70601,1.42812,1.4282,1.42514,1.42519,3093,0.0010996188138970905,1.42406,1.4288
70700,1.42514,1.42517,1.4250399999999999,1.4251200000000002,2763,0.00035983882884188534,1.4236,1.42545
70701,1.4250399999999999,1.4251,1.42078,1.42083,3659,0.001567506129176807,1.4205299999999998,1.4256
70800,1.42078,1.42085,1.4167100000000001,1.41763,3465,0.0010809506577425026,1.4165,1.42119
70801,1.41622,1.41757,1.41931,1.4194,4360,0.001498508041182581,1.41622,1.42167
70900,1.4193,1.4193799999999999,1.41865,1.41872,3829,0.0009492539432304522,1.41662,1.4204700000000001
70901,1.41866,1.4187,1.42067,1.42075,3678,0.0009009919106456882,1.41803,1.42133
71000,1.42066,1.42074,1.42261,1.42264,4288,0.0008073840047098257,1.4187,1.42274
71001,1.42266,1.4227,1.42261,1.4227100000000001,3684,0.0006791476172596591,1.4211799999999999,1.4241700000000002
71100,1.42262,1.42272,1.42341,1.42349,3325,0.0009561195818122214,1.42234,1.42635
71101,1.4234200000000001,1.42351,1.42587,1.42588,2460,0.0005661152822469318,1.42337,1.42635
71200,1.4258,1.42588,1.4251,1.42518,1875,0.00036554444611434824,1.42485,1.42666
71201,1.4251,1.42519,1.42518,1.42523,1337,0.00021757789596011003,1.42444,1.42559
71300,1.42518,1.42524,1.4248299999999998,1.4249100000000001,1327,0.0002163057160078828,1.42444,1.42564
71301,1.4248299999999998,1.4249,1.4261700000000002,1.42618,1549,0.0007967509981966661,1.4238,1.4266299999999998
71400,1.4261700000000002,1.42619,1.42648,1.42656,1630,0.0002572317757862028,1.42592,1.42736
71401,1.4265,1.42658,1.42571,1.42579,1766,0.0004299905627591754,1.42517,1.42687
71500,1.4257,1.4257799999999998,1.4258600000000001,1.42595,1216,0.00020200038422771172,1.4252799999999999,1.4264
71501,1.42584,1.42592,1.42598,1.4260700000000002,1227,0.0002315977426676983,1.42531,1.4264700000000001
71600,1.42606,1.42611,1.42554,1.42563,591,0.00025293556992840523,1.42505,1.42625
71601,1.42553,1.42564,1.42476,1.42508,1602,0.0002173723591300405,1.42469,1.42582
71700,1.42478,1.42519,1.4228,1.42367,2098,0.0007101621789930316,1.42153,1.4262
71701,1.4228,1.42364,1.4219700000000002,1.4223299999999999,1305,0.0007961714784565014,1.4210200000000002,1.42412
71800,1.4221,1.4223299999999999,1.42171,1.4219600000000001,1654,0.00034168266130038956,1.4215200000000001,1.42339
71801,1.42171,1.42192,1.42156,1.42174,1372,0.0003520513479281341,1.42,1.42194
71900,1.42154,1.42173,1.42252,1.4227100000000001,1399,0.0004421548952854966,1.4208100000000001,1.42299
71901,1.4226299999999998,1.42276,1.42337,1.4235,1215,0.0005548052844634036,1.4215,1.42356
72000,1.42337,1.4234799999999999,1.42403,1.42418,1754,0.0005137924760230544,1.42337,1.4257600000000001
72001,1.42401,1.42415,1.4241,1.42426,1628,0.0005667970769970301,1.42395,1.42636
72100,1.42412,1.42426,1.4240700000000002,1.4244,1935,0.0005507379292001982,1.4232200000000002,1.42544
72101,1.42408,1.42439,1.42448,1.42466,3448,0.0020957964812650916,1.4191799999999999,1.42981
72200,1.42446,1.42465,1.42442,1.4245299999999999,3055,0.0017806572075922498,1.42309,1.42919
72201,1.42442,1.42452,1.42185,1.4219,2188,0.0006197509727687649,1.42155,1.42462
72300,1.42185,1.42188,1.42242,1.42256,1849,0.0002960626779291094,1.42165,1.42314
72301,1.42242,1.42255,1.4210200000000002,1.4211200000000002,1238,0.00047341046715937743,1.42069,1.42255
80000,1.42103,1.42115,1.42182,1.42195,1562,0.0004090488217747348,1.42099,1.42269
80001,1.42181,1.42195,1.41763,1.41775,2215,0.0012294720322388825,1.41708,1.42203
80100,1.41763,1.41773,1.41862,1.41874,1698,0.00044098606432861284,1.4170200000000002,1.41899
80101,1.41861,1.41874,1.41856,1.41882,2209,0.0006922232197235518,1.4166,1.41991
80200,1.41859,1.4188100000000001,1.41476,1.4149399999999999,2912,0.001340369893048842,1.41418,1.41897
80201,1.41476,1.41495,1.41495,1.4150399999999999,2434,0.0006452398083506817,1.41449,1.4171799999999999
80300,1.41497,1.4150399999999999,1.41594,1.41603,3871,0.0005035873669938577,1.4132799999999999,1.4162299999999999
80301,1.41596,1.41606,1.41609,1.41618,3252,0.0005297076013002584,1.41416,1.41658
80400,1.41612,1.41619,1.42054,1.4206299999999998,3240,0.0013222417728953227,1.41612,1.42117
80401,1.42056,1.42065,1.42009,1.4201700000000002,2904,0.0006459393768713685,1.41945,1.4222
80500,1.42009,1.42016,1.42016,1.42022,2187,0.0004376441201184284,1.41906,1.42106
80501,1.42016,1.42024,1.41848,1.41859,2087,0.0004091264868155725,1.41812,1.42026
80600,1.41848,1.41858,1.41611,1.41619,2593,0.0007357876814923949,1.41572,1.4189
80601,1.41609,1.4161700000000002,1.4173,1.41739,2370,0.0006292904703638137,1.41531,1.4179
80700,1.4173200000000001,1.4174,1.41765,1.41774,2317,0.0003571086737253308,1.41707,1.4188399999999999
80701,1.41764,1.41772,1.41806,1.41808,2127,0.0002977675836855951,1.41756,1.41907
80800,1.41805,1.4180700000000002,1.41996,1.4203299999999999,3172,0.0008507113906754619,1.41706,1.42124
80801,1.4190399999999999,1.42039,1.41862,1.4187,6232,0.0008051449755651827,1.41724,1.42234
80900,1.41859,1.41867,1.41351,1.41359,4828,0.0017436156693018596,1.41276,1.41985
80901,1.4135,1.4135799999999998,1.41533,1.4154200000000001,4176,0.0008197561276043081,1.4133,1.41719
81000,1.41529,1.4153799999999999,1.41865,1.4187299999999998,4211,0.0008920189733694839,1.4145299999999998,1.41927
81001,1.41866,1.41874,1.4201700000000002,1.4202299999999999,3985,0.0004173605506380053,1.4177799999999998,1.42034
81100,1.42014,1.42031,1.4209200000000002,1.421,2587,0.0008421372626449528,1.41798,1.42145
81101,1.4209200000000002,1.42098,1.4206299999999998,1.42066,2550,0.0005724392321703991,1.4202,1.42269
81200,1.42052,1.42058,1.42018,1.4202700000000001,1846,0.0005965133539936776,1.4186299999999998,1.4210399999999999
81201,1.4202,1.42028,1.41667,1.41675,1635,0.001647149510574946,1.4147399999999999,1.4203
81300,1.4166299999999998,1.4167399999999999,1.41664,1.4167299999999998,1309,0.00021779756131298596,1.41602,1.41716
81301,1.41665,1.4167299999999998,1.41628,1.41636,1071,0.00017000200034828844,1.4160700000000002,1.41696
81400,1.41631,1.41636,1.4153,1.41539,1656,0.0003915450974565646,1.4148,1.41677
81401,1.41534,1.41543,1.41523,1.41539,1052,0.0001934423206209566,1.41464,1.41588
81500,1.41524,1.41541,1.41465,1.4147399999999999,866,0.0002455509364370291,1.41406,1.41541
81501,1.41464,1.41472,1.41343,1.41351,1003,0.0005250761932575837,1.41288,1.41479
81600,1.41345,1.41354,1.41444,1.4145299999999998,443,0.00044653547990502194,1.41314,1.4147399999999999
81601,1.4144299999999999,1.41454,1.41257,1.41298,1323,0.00043817824499240777,1.41141,1.41457
101700,1.41191,1.4129200000000002,1.4141700000000001,1.41466,910,0.0003482098440653609,1.4119,1.4154200000000001
101701,1.41409,1.41459,1.41259,1.4131,733,0.0005305267419185631,1.41218,1.41523
101800,1.41264,1.41303,1.41314,1.41346,811,0.00034379193196088393,1.41219,1.41409
101801,1.41315,1.4134799999999998,1.41324,1.4135,675,0.000285382024834747,1.413,1.41455
101900,1.4132799999999999,1.4135,1.41339,1.4135,1004,0.00032486381634161117,1.4129200000000002,1.4144299999999999
101901,1.4134,1.41349,1.41272,1.41283,1505,0.0002899622973423724,1.41202,1.41356
102000,1.41269,1.41282,1.41224,1.41234,1775,0.0003224011536865714,1.41167,1.41334
102001,1.41221,1.41224,1.41088,1.41095,2079,0.0006317190611202483,1.41026,1.4132799999999999
102100,1.41087,1.41095,1.41205,1.41218,2314,0.00026812460319591564,1.41045,1.41218
102101,1.41203,1.41218,1.41242,1.41256,2220,0.00064950335593578,1.4108399999999999,1.41329
102200,1.41242,1.41257,1.4129200000000002,1.41297,2009,0.0005425882051800631,1.41206,1.41415
102201,1.4129,1.41297,1.41331,1.4134,1647,0.0003246734712927791,1.41175,1.41357
102300,1.41331,1.4134200000000001,1.41316,1.41329,2045,0.0004212444972280031,1.4127399999999999,1.41485
102301,1.41316,1.4132799999999999,1.41326,1.4133799999999999,1792,0.00019811294367887654,1.41275,1.41392
110000,1.41326,1.41341,1.41317,1.4133,1211,0.00044698096384284796,1.4117899999999999,1.41361
110001,1.4132,1.4133,1.41278,1.41293,1222,0.00036022033524119967,1.4122299999999999,1.41373
110100,1.4128100000000001,1.41293,1.4117899999999999,1.41194,1455,0.00036136203489923574,1.41163,1.4135
110101,1.4117899999999999,1.41192,1.4132,1.41331,1706,0.0003909273976464666,1.4117899999999999,1.4136600000000001
110200,1.41319,1.41331,1.4123,1.41238,2955,0.0005880421966574573,1.41139,1.41408
110201,1.4123299999999999,1.41241,1.41434,1.41441,2712,0.0006439350858126981,1.4122299999999999,1.4153
110300,1.41435,1.4144299999999999,1.41384,1.41392,3051,0.00045747880154844474,1.4134799999999998,1.41563
110301,1.41378,1.41385,1.41372,1.41381,2566,0.0003475163299382927,1.41296,1.4149100000000001
110400,1.41374,1.41382,1.4141700000000001,1.41426,2169,0.0006472027555625785,1.41373,1.41609
110401,1.4141700000000001,1.41425,1.4132799999999999,1.41339,2587,0.0004844077908334105,1.41314,1.4154200000000001
110500,1.41326,1.41337,1.41352,1.41362,2239,0.0004509776561274873,1.41249,1.4143700000000001
110501,1.41352,1.4136,1.41458,1.4146100000000001,1819,0.0006506570674361251,1.4123700000000001,1.41498
110600,1.41458,1.41462,1.41241,1.41244,1821,0.0007620261237410747,1.41241,1.41564
110601,1.41236,1.41244,1.41214,1.41222,1900,0.0004501882560926856,1.41136,1.41337
110700,1.41219,1.41226,1.4112200000000001,1.4112799999999999,2371,0.0005736575785595992,1.41067,1.4131
110701,1.41117,1.41126,1.41045,1.41051,2250,0.0003727977885086269,1.40998,1.41188
110800,1.41044,1.41051,1.4114,1.41149,2271,0.0005331116136763084,1.4095799999999998,1.41206
110801,1.41139,1.41147,1.40904,1.4091200000000002,2503,0.000836634320551377,1.408,1.41153
110900,1.409,1.4091,1.40971,1.40973,2794,0.0004614806991577618,1.40838,1.41057
110901,1.40973,1.40977,1.41025,1.4103299999999999,3590,0.0007022453311052974,1.40959,1.4126100000000001
111000,1.41026,1.41035,1.4119,1.41196,3277,0.0006017251880621245,1.40941,1.41221
111001,1.4119,1.41194,1.40838,1.40849,3470,0.0008369354129538085,1.40829,1.41236
111100,1.40841,1.4085299999999998,1.41072,1.4108,2805,0.0007060085663734743,1.40796,1.41123
111101,1.4107399999999999,1.41083,1.4107299999999998,1.4108100000000001,2461,0.0005480758283977736,1.40946,1.41194
111200,1.4107399999999999,1.41079,1.41195,1.412,2117,0.00036325946839775906,1.4107,1.4124
111201,1.41192,1.41201,1.4122700000000001,1.41239,1452,0.0002980611556941775,1.41104,1.41239
111300,1.41224,1.41239,1.41065,1.41072,935,0.0004957064407051701,1.41016,1.41239
111301,1.41065,1.4107,1.41111,1.41116,1091,0.00041573196012899494,1.40984,1.41172
111400,1.4111,1.41116,1.41078,1.41082,1119,0.0002026637466480869,1.41055,1.4116600000000001
111401,1.41078,1.41083,1.41141,1.41149,1155,0.0004690526720064484,1.40965,1.41149
111500,1.4114,1.41149,1.41251,1.4126,1105,0.00032708480646724856,1.4111799999999999,1.4127100000000001
111501,1.41254,1.4126,1.4127,1.41279,918,0.00021025120107535705,1.41228,1.4133
111600,1.41272,1.4128,1.41285,1.4129399999999999,378,0.0001586350973184458,1.41229,1.41307
111601,1.41285,1.41291,1.4136600000000001,1.4138899999999999,1024,0.0002776028073901499,1.41277,1.41395
111700,1.4136600000000001,1.41396,1.41314,1.41327,324,0.00021828129864307456,1.41314,1.41428
111701,1.41315,1.41327,1.4126,1.4127299999999998,715,0.0002563752877759643,1.41231,1.41355
111800,1.4126100000000001,1.41278,1.41307,1.41321,713,0.00017721110625265658,1.4126100000000001,1.4137
111801,1.41301,1.41321,1.41356,1.4136799999999998,801,0.0001491227541919348,1.41295,1.4138700000000002
111900,1.41356,1.41369,1.4117600000000001,1.41188,1027,0.0006347666115788805,1.41161,1.41381
111901,1.41177,1.41188,1.4112799999999999,1.4114,1273,0.0005546969500710677,1.41015,1.4122299999999999
112000,1.4113,1.4114,1.41208,1.41222,1190,0.00026354948623813094,1.4110200000000002,1.41232
112001,1.41206,1.41221,1.41169,1.4118,1657,0.0003269450808818092,1.41066,1.41221
112100,1.4117,1.4118,1.41127,1.4114,1432,0.00024067029722474122,1.41117,1.41244
112101,1.41129,1.4114200000000001,1.40931,1.4094200000000001,1484,0.00043733214631344375,1.40916,1.4114200000000001
112200,1.40931,1.40944,1.4080700000000002,1.40819,1246,0.0005044851931434376,1.40802,1.41029
112201,1.40808,1.4082299999999999,1.41042,1.4105,1610,0.0007344829611950112,1.4078,1.41051
112300,1.4104,1.4105,1.4104700000000001,1.41057,1198,0.00019803952995993383,1.40996,1.41099
112301,1.4105,1.41058,1.40991,1.41003,972,0.00017158116728960063,1.40991,1.41085
120000,1.40988,1.41,1.40991,1.41004,1057,0.00021365553133112302,1.4092200000000001,1.4104299999999999
120001,1.40992,1.41004,1.40933,1.40943,1345,0.0005167749495364842,1.4078,1.41011
120100,1.40931,1.40943,1.40845,1.40858,2086,0.0002913977813481687,1.40803,1.40977
120101,1.40848,1.40858,1.40963,1.4097600000000001,1875,0.00033470953054859327,1.40838,1.41001
120200,1.4096600000000001,1.4097600000000001,1.4103,1.4104,2993,0.000520531278447479,1.4091,1.4115799999999998
120201,1.41034,1.41041,1.40899,1.4091,2951,0.0004938155748472221,1.4089,1.41185
120300,1.40901,1.4091200000000002,1.41205,1.4121,3618,0.0015900988960215196,1.40836,1.41364
120301,1.41206,1.41212,1.4146299999999998,1.41467,2984,0.0007947404197161815,1.4117600000000001,1.41486
120400,1.41462,1.41467,1.41583,1.4159,3035,0.0005328846894503182,1.41462,1.41721
120401,1.4159700000000002,1.41606,1.41485,1.4149,3531,0.00048627306214055736,1.4146299999999998,1.4169399999999999
120500,1.41485,1.41488,1.41557,1.41565,3291,0.000590933679819319,1.41344,1.416
120501,1.41555,1.41562,1.41341,1.4134799999999998,3450,0.0006537352021957274,1.41333,1.41675
120600,1.41339,1.41347,1.4104299999999999,1.41052,3303,0.0005442967746269433,1.41034,1.4136799999999998
120601,1.41041,1.4105,1.41088,1.41096,2448,0.00038028772006704867,1.40935,1.4111
120700,1.41091,1.41097,1.40957,1.4096600000000001,2661,0.00048198578106878207,1.40896,1.41107
120701,1.40957,1.40964,1.40736,1.40745,2444,0.0006112172523216838,1.40736,1.41003
120800,1.40736,1.40744,1.40706,1.40715,2793,0.00030279147193550295,1.40616,1.4078
120801,1.40705,1.4071200000000001,1.40941,1.40944,3070,0.001014596951140319,1.40701,1.4108399999999999
120900,1.40943,1.40946,1.41218,1.41226,2881,0.0009032420991104901,1.40926,1.41275
120901,1.41215,1.41224,1.41252,1.4126,3433,0.00047913161834017484,1.41211,1.41446
121000,1.41251,1.41259,1.41117,1.4112200000000001,3623,0.000616256374625594,1.4110200000000002,1.4136600000000001
121001,1.41119,1.4112200000000001,1.40971,1.40975,3348,0.0007905167113786026,1.40907,1.4119899999999999
121100,1.4096899999999999,1.40972,1.40816,1.40824,2848,0.0008727618769790947,1.40658,1.41012
121101,1.40812,1.4082,1.4068200000000002,1.40686,2623,0.0004381583107087843,1.40665,1.4087
121200,1.40685,1.4069,1.4097,1.40977,1722,0.000956752961346104,1.4068200000000002,1.41014
121201,1.4097,1.40975,1.40749,1.4075600000000001,1627,0.0006886329257537714,1.4073,1.4102
121300,1.40755,1.40759,1.40755,1.40762,1303,0.00021221486310352413,1.40683,1.40802
121301,1.40754,1.40762,1.40552,1.40555,1424,0.0008638809230876675,1.40497,1.40804
121400,1.4055,1.40555,1.4043700000000001,1.40446,1821,0.00023153526572406604,1.40432,1.40572
121401,1.40436,1.40444,1.40371,1.4037899999999999,1496,0.0004131430549326478,1.4026299999999998,1.40444
121500,1.4036899999999999,1.40378,1.40388,1.40394,1115,0.00024387503753739925,1.40341,1.40449
121501,1.40388,1.40392,1.4043,1.40434,877,0.0002726785584090537,1.40321,1.40448
121600,1.4042700000000001,1.40434,1.40551,1.40561,596,0.0002566430724354033,1.40422,1.40564
121601,1.4055,1.40562,1.40561,1.40585,1325,0.00033352485248400046,1.40507,1.40676
121700,1.40561,1.4058899999999999,1.40555,1.40588,1047,0.0012518773730530132,1.40225,1.41098
121701,1.40551,1.40594,1.40496,1.40517,977,0.0005653089154090288,1.40334,1.40688
121800,1.40499,1.40517,1.4057,1.40586,1649,0.00024236105842573714,1.40465,1.40603
121801,1.40572,1.40586,1.40505,1.40525,1055,0.00034381153836492867,1.4044,1.40593
121900,1.40506,1.4052200000000001,1.40496,1.40506,752,0.0004282206833109953,1.40401,1.4058700000000002
121901,1.40496,1.40504,1.40404,1.40415,1024,0.000294039081767619,1.40357,1.40506
122000,1.40405,1.40418,1.40325,1.4033200000000001,2033,0.000887511649246366,1.4012200000000001,1.40472
122001,1.40327,1.4033200000000001,1.40476,1.4048399999999999,1475,0.00033983106538720674,1.40326,1.40529
122100,1.40477,1.40491,1.40341,1.4034799999999998,1804,0.000369978344544867,1.40319,1.40535
122101,1.40341,1.40353,1.40511,1.40525,2123,0.0004996543253201415,1.40339,1.40537
122200,1.40511,1.40529,1.4076799999999998,1.40778,2100,0.0011673442659012603,1.40429,1.40841
122201,1.4076799999999998,1.4078,1.40785,1.40796,1528,0.00035162482792331127,1.4076799999999998,1.4096
122300,1.40781,1.40795,1.4078700000000002,1.4079899999999999,1426,0.00034560798437856743,1.40673,1.40847
122301,1.4078700000000002,1.40796,1.40891,1.40904,1404,0.0005564991218492263,1.40759,1.4097
130000,1.40891,1.4090200000000002,1.41059,1.4107399999999999,1656,0.0010039495785666105,1.40794,1.4113200000000001
130001,1.4106100000000001,1.4107399999999999,1.41015,1.41024,1294,0.00022093686426624944,1.4095799999999998,1.41078
130100,1.41016,1.41024,1.41044,1.41079,1106,0.00045468413138414777,1.40846,1.41079
130101,1.41049,1.41083,1.41026,1.4104,1707,0.0005443870431700123,1.4096799999999998,1.41205
130200,1.40992,1.41002,1.41154,1.41162,2499,0.0006187233702693491,1.40885,1.41173
130201,1.4115,1.41162,1.41046,1.4105299999999998,2359,0.0006890899495450183,1.40995,1.41288
130300,1.4104299999999999,1.41048,1.4088200000000002,1.40885,2503,0.00040242513659937475,1.4083700000000001,1.41048
130301,1.4088200000000002,1.40891,1.40762,1.4077,2664,0.00038609134548707816,1.40734,1.40923
130400,1.40763,1.4077,1.40409,1.40416,2811,0.0013900506880470153,1.40398,1.40851
130401,1.4041,1.40418,1.4030799999999999,1.4032200000000001,2796,0.0005816155093832339,1.40215,1.4048200000000002
130500,1.40307,1.40319,1.39915,1.39924,3568,0.0013517504575898736,1.39801,1.4035
130501,1.39946,1.39951,1.39973,1.3998,3176,0.0007073349951504792,1.3981,1.40185
130600,1.39975,1.3998,1.39941,1.39946,2435,0.00041838512955543925,1.39816,1.4002
130601,1.3993799999999998,1.39945,1.39619,1.39626,2097,0.0008794689640514186,1.39586,1.3996899999999999
130700,1.39614,1.39622,1.39604,1.39606,2192,0.0002616968573179156,1.3951799999999999,1.39641
130701,1.39602,1.39604,1.39578,1.39586,2146,0.00030302787288291654,1.39575,1.3973200000000001
130800,1.3957899999999999,1.39588,1.39557,1.39683,2512,0.00039365837763516946,1.39437,1.39683
130801,1.39611,1.3973200000000001,1.3981,1.39816,5330,0.0006085345146997732,1.39592,1.39931
130900,1.39811,1.39816,1.39875,1.3988399999999999,3925,0.0005297034720337185,1.39744,1.40021
130901,1.39875,1.3988200000000002,1.39858,1.39865,3821,0.0003142872305764297,1.39768,1.39904
131000,1.39859,1.39865,1.39854,1.3986,4073,0.0004268467407998154,1.39724,1.3992799999999999
131001,1.39856,1.39859,1.40168,1.40172,3479,0.0007496377126061145,1.39829,1.4017899999999999
131100,1.40163,1.40165,1.40143,1.4014799999999998,3335,0.0004032172949496458,1.40115,1.4033
131101,1.40143,1.40149,1.40105,1.40113,2923,0.00026770684000127973,1.40054,1.40206
131200,1.40104,1.40111,1.40115,1.40121,1932,0.0004766923440782764,1.3996899999999999,1.40173
131201,1.40117,1.40124,1.40159,1.4016600000000001,1634,0.00043381529393363426,1.4003,1.40215
131300,1.40161,1.4016899999999999,1.40143,1.40145,1620,0.0002916452326342539,1.40116,1.40248
131301,1.40143,1.40146,1.40096,1.40107,1182,0.00015097694574920173,1.40096,1.40171
131400,1.40105,1.40109,1.40073,1.4008200000000002,1071,0.00017316742599180583,1.40046,1.40135
131401,1.40075,1.40083,1.40199,1.40208,1155,0.0005134893180201848,1.40075,1.4028200000000002
131500,1.40199,1.4021,1.4006,1.40067,1042,0.0005089162154873432,1.4005100000000001,1.40219
131501,1.40056,1.40065,1.39974,1.3997899999999999,904,0.0003135742989037087,1.39968,1.40095
131600,1.39974,1.39981,1.40056,1.40075,492,0.00045443869162788684,1.39916,1.40075
131601,1.4006100000000001,1.4007,1.39942,1.39972,1041,0.0005571590283291919,1.39852,1.40075
131700,1.39925,1.3999700000000002,1.40031,1.40058,654,0.0003044104326992464,1.39925,1.4012
131701,1.40038,1.40058,1.40029,1.40065,715,0.0003172624932268722,1.39963,1.40164
131800,1.4002299999999999,1.4006399999999999,1.40035,1.4005,2834,0.0003898972246128982,1.3987100000000001,1.40114
131801,1.40035,1.40056,1.39793,1.3980700000000001,1357,0.0008103301792767907,1.39775,1.40086
131900,1.39798,1.39805,1.39761,1.39775,1439,0.0004057248662554482,1.39665,1.39844
131901,1.3975899999999999,1.39772,1.39897,1.3990799999999999,1271,0.000562227001706077,1.39752,1.39961
132000,1.39897,1.39909,1.39724,1.39731,1794,0.0008840274491636675,1.3964299999999998,1.3993200000000001
132001,1.39721,1.3973200000000001,1.39715,1.39727,1770,0.00045050584145558113,1.39596,1.398
132100,1.39717,1.3972799999999999,1.3942700000000001,1.39442,2203,0.0013318160907292598,1.3928399999999999,1.3973
132101,1.3942700000000001,1.3944,1.3935600000000001,1.39376,1834,0.0008143585228175744,1.3911799999999999,1.3945299999999998
132200,1.39355,1.39368,1.39713,1.39723,1582,0.000977555532680215,1.3933799999999998,1.39723
132201,1.39713,1.3972200000000001,1.39714,1.39729,1628,0.00031670550057716893,1.39644,1.39802
132300,1.39714,1.39727,1.39831,1.39846,1418,0.0004002683569595102,1.39714,1.39897
132301,1.39832,1.39846,1.39946,1.39962,1752,0.0006609753962090793,1.3977700000000002,1.40006
140000,1.39946,1.39959,1.39747,1.3975799999999998,1480,0.0006614448673449633,1.39716,1.39971
140001,1.3974600000000001,1.3975799999999998,1.39914,1.3992,1282,0.0008065077705067686,1.3969,1.39959
140100,1.39914,1.3991799999999999,1.39856,1.39868,1335,0.00046784627509730177,1.3974799999999998,1.3995
140101,1.39856,1.39865,1.40042,1.40052,1362,0.0007476162757207507,1.3983700000000001,1.40083
140200,1.4004,1.40052,1.40184,1.40193,3153,0.0004452377470526961,1.4003700000000001,1.40283
140201,1.4018,1.40193,1.4039,1.404,3062,0.0009929064405730782,1.40089,1.40468
140300,1.40394,1.40402,1.40879,1.40887,3559,0.0015196615615916012,1.4033799999999998,1.40914
140301,1.40878,1.40887,1.41003,1.41015,3970,0.0008860385836275362,1.40872,1.4128
140400,1.41003,1.41012,1.41117,1.41124,3001,0.00042960481736150713,1.40936,1.41136
140401,1.41119,1.4112200000000001,1.41206,1.41215,2642,0.0007417921766068264,1.41103,1.41429
140500,1.41206,1.41216,1.4119,1.41198,2727,0.0005763790084522273,1.4114799999999998,1.41395
140501,1.41188,1.4119700000000002,1.41002,1.4101,1916,0.0006065753096874713,1.40947,1.41215
140600,1.41003,1.41011,1.41193,1.41202,1952,0.0007368813813506378,1.40907,1.41229
140601,1.41195,1.41203,1.41216,1.41225,2685,0.000553488652653305,1.41169,1.41391
140700,1.4121299999999999,1.4122299999999999,1.41046,1.4105299999999998,2371,0.0004270054351282309,1.41035,1.41239
140701,1.41048,1.41056,1.40998,1.41004,1915,0.0003446274920709936,1.40914,1.4106299999999998
140800,1.40993,1.41002,1.40883,1.40927,2931,0.0008419853283672997,1.40707,1.41024
140801,1.40883,1.40927,1.40605,1.40614,4143,0.0010812625692481594,1.40534,1.4100700000000002
140900,1.40601,1.40605,1.4042299999999999,1.40429,3448,0.00041299805635287715,1.40382,1.40606
140901,1.4042299999999999,1.40431,1.4019,1.40199,3712,0.0006066135350720663,1.4012200000000001,1.40441
141000,1.40193,1.40199,1.40926,1.40939,3627,0.00290972296868323,1.40136,1.4102700000000001
141001,1.4092,1.40933,1.40804,1.40812,3350,0.0011618000181805885,1.4055799999999998,1.40957
141100,1.40802,1.40811,1.40609,1.40612,3503,0.0007090421550888903,1.4054200000000001,1.40867
141101,1.40609,1.40611,1.4066,1.40662,2754,0.0008148352166540209,1.40593,1.40898
141200,1.4066,1.40666,1.40672,1.40678,1748,0.00028583814992140906,1.40611,1.40757
141201,1.4067399999999999,1.4068100000000001,1.40629,1.4063700000000001,1270,0.00034101191871935613,1.40588,1.40723
141300,1.4063299999999999,1.40639,1.4073,1.40739,1750,0.0003865289593451723,1.40628,1.40808
141301,1.4073200000000001,1.4074,1.40818,1.4082700000000001,1105,0.0003286141573502836,1.40714,1.40895
141400,1.40814,1.40822,1.41162,1.41165,1399,0.0013319295472397248,1.4077600000000001,1.4120700000000002
141401,1.41162,1.41163,1.4122,1.41228,1421,0.00026133988074647995,1.4114,1.41275
141500,1.4121700000000001,1.41226,1.4121,1.41215,1116,0.00034420822482915414,1.41152,1.4132200000000001
141501,1.4121,1.4121700000000001,1.41185,1.41194,1030,0.00026008816059889747,1.41107,1.4122299999999999
141600,1.4118700000000002,1.41195,1.4123700000000001,1.41246,388,0.0002162785746539152,1.41174,1.4126
141601,1.41239,1.4124700000000001,1.4115799999999998,1.41238,1501,0.00015327384047949386,1.4114799999999998,1.41257
141700,1.4117,1.41251,1.41161,1.41178,544,0.00033295419682493677,1.41121,1.41288
141701,1.4116600000000001,1.41178,1.4116799999999998,1.41211,755,0.00024912051459808157,1.411,1.41238
141800,1.41163,1.41212,1.41133,1.41149,2010,0.00023507536658527394,1.41121,1.41264
141801,1.41133,1.41153,1.41135,1.41146,725,0.00019645750566914602,1.4107,1.41178
141900,1.41136,1.41149,1.4104,1.4105299999999998,1029,0.00030321764301059805,1.4103,1.4116799999999998
141901,1.41041,1.41055,1.41044,1.4105299999999998,781,0.0002831287262639874,1.40937,1.41066
142000,1.4104299999999999,1.4105299999999998,1.4109399999999999,1.41109,1324,0.00041238992275210285,1.40991,1.4117
142001,1.41095,1.41108,1.41591,1.41603,2135,0.0019076560708328747,1.41087,1.41736
142100,1.41593,1.41605,1.4150399999999999,1.41519,2124,0.0003432924381125079,1.4146,1.41634
142101,1.4150399999999999,1.41517,1.41472,1.4149100000000001,1738,0.00023375091429644727,1.41425,1.41547
142200,1.4147,1.41485,1.41516,1.41529,1721,0.00038030804534856344,1.4144299999999999,1.41662
142201,1.41517,1.41529,1.41575,1.41582,1291,0.00023894141055160367,1.4151200000000002,1.41642
142300,1.41577,1.41585,1.41454,1.4146299999999998,1430,0.0005726452154532998,1.4138700000000002,1.41606
142301,1.41454,1.41462,1.41404,1.41418,1237,0.00041677363354746433,1.4139899999999999,1.41592
150000,1.41408,1.4142,1.41567,1.4157600000000001,1118,0.0004019976335291393,1.41405,1.41603
150001,1.41567,1.4157899999999999,1.41635,1.4164299999999999,1104,0.0002645879360526583,1.4153,1.4165299999999998
150100,1.41636,1.4164299999999999,1.41677,1.4169200000000002,1531,0.0003822901122808594,1.4162,1.41777
150101,1.41678,1.41689,1.41587,1.416,2210,0.00028448937084290415,1.41561,1.4172
150200,1.41588,1.41603,1.41241,1.4125,3636,0.0009308124336507716,1.41165,1.41619
150201,1.4124299999999999,1.4125,1.41695,1.4171,3587,0.0015331020993107583,1.41154,1.4171799999999999
150300,1.41696,1.4171,1.4163700000000001,1.41645,3621,0.000557630064564917,1.41618,1.41898
150301,1.41639,1.41645,1.4160700000000002,1.41616,2974,0.00039382062592086214,1.41575,1.418
150400,1.41606,1.41614,1.41615,1.41622,2955,0.0005874817816208828,1.41527,1.418
150401,1.41615,1.41621,1.4167,1.41678,3296,0.0004620922820596817,1.4151200000000002,1.41713
150500,1.4167,1.41675,1.41587,1.41595,2653,0.0004175747153687128,1.41527,1.41719
150501,1.41583,1.41592,1.4161700000000002,1.4162299999999999,2127,0.0004332198160130362,1.4154,1.41749
150600,1.41618,1.41626,1.41765,1.41769,2172,0.000534019066316106,1.4158600000000001,1.4179700000000002
150601,1.41767,1.41774,1.41821,1.41828,2066,0.0004440228729886544,1.41686,1.41887
150700,1.4182,1.41826,1.4172200000000001,1.41727,2048,0.0005245500838382561,1.4164299999999999,1.41858
150701,1.4172200000000001,1.4172799999999999,1.41592,1.4159700000000002,2192,0.0006617174560824686,1.41509,1.41812
150800,1.4158899999999999,1.4159700000000002,1.41577,1.41594,2952,0.00032816503472284705,1.41501,1.4166
150801,1.4157799999999998,1.41594,1.41654,1.4166100000000001,2975,0.0003902971483188495,1.4151799999999999,1.4171200000000002
150900,1.41652,1.4166100000000001,1.4158899999999999,1.41598,2947,0.00044597298765991657,1.41486,1.41699
150901,1.41593,1.41601,1.41762,1.41771,3038,0.0006360242415786101,1.4156,1.41839
151000,1.41794,1.41836,1.4212,1.42131,4844,0.0010647381059402969,1.4167299999999998,1.42145
151001,1.4212,1.4213,1.42014,1.42026,3907,0.0004187890666553768,1.41983,1.4222
151100,1.42016,1.4202700000000001,1.41908,1.41917,3100,0.00041058032666447684,1.41869,1.4211
151101,1.4191,1.4191799999999999,1.4191,1.4191799999999999,2615,0.00039458964133365034,1.41851,1.4208
151200,1.41911,1.4191799999999999,1.41921,1.4193,1682,0.0004783769611796221,1.4190399999999999,1.42095
151201,1.41923,1.4193200000000001,1.4219899999999999,1.42206,1534,0.0007490134828246163,1.41923,1.4221
151300,1.42188,1.4219700000000002,1.4222299999999999,1.4223,1293,0.0004585328682880775,1.42153,1.4233200000000001
151301,1.4221700000000002,1.42226,1.4227,1.42279,1311,0.0003457218851172855,1.42183,1.4237799999999998
151400,1.42267,1.42276,1.4235,1.4235200000000001,1013,0.0002486914585595064,1.42262,1.42431
151401,1.4234799999999999,1.42356,1.42466,1.4247,1251,0.0005274080767526397,1.42307,1.42521
151500,1.42469,1.42476,1.4249399999999999,1.42501,1107,0.0004050538914760204,1.42403,1.4257600000000001
151501,1.42488,1.42496,1.4237600000000001,1.4238899999999999,944,0.0002846483467449335,1.42364,1.42501
151600,1.4237600000000001,1.4239,1.42424,1.42431,584,0.0003437866723185472,1.42289,1.42442
151601,1.4242299999999999,1.42431,1.42429,1.42499,1281,0.00024871451438427663,1.4232799999999999,1.42499
171700,1.42372,1.42431,1.42288,1.42356,232,0.0003164139564473626,1.4227299999999998,1.42439
171701,1.4228399999999999,1.42356,1.42333,1.42363,520,5.5074598748565697e-05,1.42268,1.42366
171800,1.42329,1.4235200000000001,1.42385,1.4239700000000002,920,0.000247693373472256,1.42307,1.42446
171801,1.42385,1.424,1.4234200000000001,1.42355,638,0.0003182674703212143,1.42311,1.42456
171900,1.42341,1.42364,1.42421,1.4244,977,0.0003807369200029954,1.42278,1.4244299999999999
171901,1.42424,1.4244299999999999,1.42266,1.4228399999999999,1621,0.0009072564247794621,1.42116,1.425
172000,1.42266,1.42285,1.42764,1.4278,2318,0.0012226387838531882,1.4223700000000001,1.42783
172001,1.42763,1.4278,1.42731,1.4274200000000001,2565,0.00047383779366037604,1.42573,1.42784
172100,1.4272799999999999,1.4274200000000001,1.42638,1.4265299999999999,1710,0.0005747201758548029,1.42556,1.4277
172101,1.42638,1.42649,1.42638,1.42648,1825,0.000262807974084667,1.4258,1.42739
172200,1.4264,1.42652,1.42631,1.42642,1459,0.0003531213770075412,1.42582,1.4272
172201,1.42631,1.4264299999999999,1.4259600000000001,1.42611,1577,0.0003953615442484127,1.42486,1.42662
172300,1.42595,1.4260899999999999,1.42524,1.42535,1179,0.0003064826763983921,1.42497,1.42641
172301,1.42521,1.42534,1.42557,1.42571,1194,0.0002916996252196932,1.4247,1.42611
180000,1.4256,1.42572,1.42579,1.42593,963,0.00034120529383397996,1.42485,1.4263700000000001
180001,1.42581,1.4259700000000002,1.42543,1.42557,952,0.0002775845333061838,1.425,1.4264299999999999
180100,1.42543,1.4255799999999998,1.42584,1.42602,1071,0.0003406761450160334,1.42485,1.42656
180101,1.4258600000000001,1.42602,1.42685,1.427,1756,0.0003276275586946582,1.42526,1.42719
180200,1.42685,1.42705,1.42533,1.42549,2548,0.0003761611433884613,1.42497,1.42706
180201,1.42534,1.42549,1.42459,1.42468,2560,0.0005544854611368593,1.4237799999999998,1.42632
180300,1.42458,1.42466,1.42454,1.42458,3451,0.000763140076575575,1.424,1.42695
180301,1.42452,1.4246,1.42461,1.42466,2640,0.0006179675386484581,1.42299,1.42553
180400,1.42459,1.42464,1.4219,1.42194,2353,0.0009279975186352624,1.42099,1.42487
180401,1.42191,1.42194,1.42116,1.4212,2417,0.00048234308822056783,1.41931,1.42211
180500,1.4212,1.4212200000000001,1.4213799999999999,1.4214200000000001,2242,0.0006902624745898837,1.42031,1.42288
180501,1.42136,1.4214200000000001,1.42448,1.4245299999999999,2393,0.0009848967643219476,1.42105,1.4245299999999999
180600,1.42459,1.42469,1.4240899999999999,1.42412,2187,0.0003684056064859564,1.42311,1.4248299999999998
180601,1.4240700000000002,1.42414,1.42651,1.4265700000000001,2451,0.0011471282636299953,1.42364,1.42772
180700,1.4265700000000001,1.42661,1.4242,1.42426,2124,0.0006289071757991904,1.42406,1.4267100000000001
180701,1.42419,1.42426,1.4246299999999998,1.42467,2037,0.00023670296819956518,1.4240899999999999,1.42546
180800,1.42462,1.42467,1.42372,1.4238,2845,0.000583684459526272,1.4223299999999999,1.42486
180801,1.42369,1.4237799999999998,1.42448,1.4245700000000001,3151,0.0002969442369305917,1.42361,1.42487
180900,1.4244700000000001,1.42455,1.42254,1.42262,3503,0.0007106680436588828,1.4219899999999999,1.4253
180901,1.42256,1.42264,1.41961,1.41965,3799,0.0008375315118679405,1.4195,1.42277
181000,1.41957,1.41965,1.42044,1.42046,2878,0.0005254201401126759,1.4183700000000001,1.4207100000000001
181001,1.42042,1.42046,1.41897,1.41903,2877,0.00032369203991948996,1.41868,1.4205
181100,1.41897,1.41901,1.41785,1.41794,3103,0.00045092353992150415,1.41761,1.41967
181101,1.41792,1.41801,1.4190200000000002,1.41908,1528,0.00031609762538311714,1.41762,1.41916
181200,1.419,1.41908,1.41845,1.4185299999999998,1736,0.000535646235338833,1.4172799999999999,1.41953
181201,1.41845,1.41851,1.41924,1.41933,1429,0.0002495194248730108,1.4184,1.4197899999999999
181300,1.41923,1.41931,1.41858,1.41869,1224,0.0005187997355103599,1.4175799999999998,1.41965
181301,1.41869,1.4187,1.41713,1.4171799999999999,1478,0.0008052039130740836,1.41677,1.41993
181400,1.41709,1.4171799999999999,1.41727,1.41735,1598,0.0003341281260310949,1.4158,1.41743
181401,1.41725,1.41734,1.4163,1.41639,1694,0.00021089319686226233,1.41616,1.41734
181500,1.41629,1.41638,1.41621,1.41629,1417,0.00016043219486484706,1.4157,1.4166
181501,1.41619,1.41628,1.4162700000000001,1.41634,950,0.00024015655977210293,1.41564,1.41693
181600,1.41628,1.41634,1.4168399999999999,1.4169200000000002,458,0.0004892887301369804,1.41539,1.4170200000000002
181601,1.41683,1.4169200000000002,1.4156,1.4163299999999999,1518,0.0003020710009593056,1.4156,1.41744
181700,1.41549,1.41636,1.4156600000000001,1.4157799999999998,583,0.00028095183777641924,1.41513,1.41679
181701,1.4156600000000001,1.41575,1.41543,1.4156600000000001,630,0.00020871717142501635,1.41516,1.41648
181800,1.41543,1.41571,1.41605,1.41625,1372,0.00017218463275285145,1.41535,1.41644
181801,1.41606,1.41625,1.41565,1.41584,896,0.0003149497893120778,1.41511,1.4168
181900,1.41565,1.41582,1.41598,1.41608,1057,0.0003248214892599786,1.41499,1.41642
181901,1.4159700000000002,1.41608,1.4166100000000001,1.4167100000000001,1107,0.00034758421810948394,1.41529,1.41699
182000,1.4166100000000001,1.4167299999999998,1.4165,1.41657,1714,0.0004068493289621248,1.41591,1.4178600000000001
182001,1.41651,1.41657,1.41625,1.4163700000000001,1588,0.0003180648422837918,1.41598,1.41737
182100,1.41621,1.41636,1.41556,1.41572,1474,0.00031947717822125934,1.4146299999999998,1.41636
182101,1.41559,1.41573,1.41774,1.4179,3161,0.000977698942400268,1.41559,1.42067
182200,1.4177600000000001,1.41794,1.41689,1.4170399999999999,1700,0.0005961836022705033,1.41582,1.41798
182201,1.4169100000000001,1.4170399999999999,1.4151200000000002,1.41523,1816,0.0005817212071425795,1.4141700000000001,1.4170399999999999
182300,1.4151,1.4152200000000001,1.41394,1.4140700000000002,2343,0.00034942289971054153,1.41336,1.41523
182301,1.41394,1.41405,1.41385,1.4139700000000002,1657,0.00047945463309357586,1.41218,1.4144700000000001
190000,1.41388,1.4139700000000002,1.41441,1.41455,1128,0.00035903966715366143,1.4134200000000001,1.4147100000000001
190001,1.41444,1.41457,1.4145,1.4146100000000001,1324,0.00025193028676084617,1.41364,1.41478
190100,1.4145,1.4146299999999998,1.41406,1.41416,1935,0.0003145456476954213,1.41392,1.41564
190101,1.41405,1.41416,1.41436,1.41451,1688,0.00027238717209918887,1.41287,1.41451
190200,1.41436,1.41442,1.4118,1.4118899999999999,3044,0.0007909600153105264,1.4113799999999999,1.41442
190201,1.41183,1.41192,1.41347,1.41353,2394,0.00044551233455534714,1.41149,1.4139
190300,1.41343,1.4135,1.40279,1.40289,5561,0.0024296267851381687,1.40065,1.41353
190301,1.4028100000000001,1.40291,1.4021299999999999,1.40222,4292,0.0008816799698357875,1.4000299999999999,1.40384
190400,1.40205,1.4021299999999999,1.40173,1.40182,3163,0.0005514235927872311,1.3997899999999999,1.4027399999999999
190401,1.40173,1.40182,1.4041700000000001,1.40435,2942,0.0010310345091255212,1.39935,1.40435
190500,1.40415,1.40436,1.4031799999999999,1.40327,2838,0.0008342670470990187,1.40299,1.40644
190501,1.4032200000000001,1.40331,1.40516,1.40525,2251,0.0005069574827276283,1.4031,1.40543
190600,1.40516,1.40524,1.40641,1.40648,2231,0.0008571600288923511,1.40428,1.40711
190601,1.4063700000000001,1.40646,1.40672,1.40687,1731,0.0004409533653744546,1.40521,1.40705
190700,1.40667,1.4068200000000002,1.40401,1.4041,2241,0.0009034879004978417,1.40353,1.40705
190701,1.40405,1.40412,1.40291,1.403,2235,0.0003445075862136677,1.40191,1.40418
190800,1.40295,1.40304,1.40377,1.40455,3362,0.0006256168488485144,1.40236,1.40465
190801,1.40363,1.40455,1.40362,1.40371,5381,0.000765600213656224,1.40174,1.40559
190900,1.40364,1.40372,1.4048,1.4048399999999999,3857,0.0004453566428716907,1.40314,1.40536
190901,1.40478,1.40483,1.40465,1.40473,4261,0.0004333278312345541,1.4042299999999999,1.40642
191000,1.4046299999999998,1.4047100000000001,1.4061299999999999,1.40622,4192,0.0006799000077245497,1.40412,1.40733
191001,1.40611,1.4062,1.407,1.4070799999999999,3989,0.0005617481380514229,1.4059,1.4086299999999998
191100,1.40696,1.40704,1.4078899999999999,1.40796,3858,0.0005034359653685242,1.40584,1.40812
191101,1.40788,1.40796,1.40831,1.40839,2712,0.0004330085710284309,1.4074200000000001,1.40933
191200,1.4083,1.40836,1.40795,1.40804,1766,0.0003093548897371803,1.4078899999999999,1.40926
191201,1.40796,1.40804,1.40869,1.40878,1886,0.0004919845554131011,1.40647,1.4088100000000001
191300,1.4087100000000001,1.40878,1.4072200000000001,1.4073,1308,0.0003667301265641101,1.40715,1.40885
191301,1.40724,1.4073,1.4078899999999999,1.40798,957,0.00029451138824323304,1.40678,1.4081
191400,1.4078600000000001,1.40794,1.4089399999999999,1.4090200000000002,1004,0.0003117942218110755,1.4078600000000001,1.40923
191401,1.40889,1.40897,1.40897,1.40904,1067,0.0001797895059657733,1.40852,1.40952
191500,1.40898,1.40906,1.40943,1.4095,1188,0.0003088980495714662,1.40876,1.41019
191501,1.4094,1.4094799999999998,1.40846,1.40854,975,0.00032575882261148776,1.40834,1.40962
191600,1.40848,1.40857,1.40838,1.40847,496,0.0001027965890776751,1.40821,1.40885
191601,1.4083700000000001,1.40848,1.40872,1.4090799999999999,1911,0.0002181732229998201,1.4079,1.4091799999999999
191700,1.4087,1.40951,1.40793,1.40825,321,0.0003128991127358251,1.4077899999999999,1.40951
191701,1.40793,1.4082700000000001,1.40696,1.40731,1006,0.00021657394296435047,1.40695,1.40834
191800,1.40704,1.40734,1.40762,1.40785,1712,0.00020756855634087177,1.40704,1.40834
191801,1.40765,1.40785,1.40759,1.40773,793,0.00032081497324869626,1.40686,1.40822
191900,1.40762,1.4077600000000001,1.40755,1.4076799999999998,943,0.00019876192941359471,1.40734,1.40819
191901,1.40755,1.4077,1.40638,1.40652,1298,0.0003747593967935788,1.40638,1.4082
192000,1.4064,1.40652,1.40704,1.4071,2159,0.0006279223576524662,1.4058899999999999,1.40878
192001,1.40683,1.4068399999999999,1.4072200000000001,1.4073,2818,0.00044875918580697833,1.40596,1.40865
192100,1.4072,1.4073,1.4058700000000002,1.406,2166,0.0003231826366402142,1.4058700000000002,1.4078
192101,1.4058700000000002,1.40602,1.40585,1.40598,1872,0.00044692345809004653,1.40501,1.40707
192200,1.4058700000000002,1.40598,1.40614,1.40625,1632,0.0004269287113718709,1.40487,1.40654
192201,1.40614,1.4062700000000001,1.40598,1.4060700000000002,1143,0.00011170836791998488,1.4058899999999999,1.40658
192300,1.40598,1.40602,1.40521,1.40533,824,0.00029345595873294696,1.40499,1.40631
192301,1.40519,1.40533,1.4058,1.40595,969,0.00040734807737476163,1.4048100000000001,1.40636
200000,1.4058,1.40594,1.4051200000000001,1.40526,925,0.0003126247004728005,1.4050799999999999,1.40652
200001,1.40513,1.40526,1.40562,1.40573,1435,0.0003042755748379723,1.4050799999999999,1.40648
200100,1.40561,1.40573,1.40609,1.40619,1332,0.00037957707050990865,1.40486,1.40649
200101,1.40609,1.4062299999999999,1.40295,1.40303,2073,0.0006755633453500254,1.40269,1.40678
200200,1.40295,1.40305,1.40339,1.4034799999999998,3944,0.0007284961836494793,1.40133,1.40446
200201,1.40335,1.40341,1.4041,1.40418,3331,0.0005480055125344141,1.40252,1.40531
200300,1.40408,1.4041700000000001,1.40401,1.4040700000000002,3279,0.0005988620128482725,1.40221,1.40483
200301,1.40401,1.4041,1.40667,1.40678,3174,0.0007675556412399615,1.4038,1.40717
200400,1.40666,1.40677,1.40751,1.40757,3246,0.0005342629788902468,1.40662,1.40877
200401,1.40751,1.40757,1.40683,1.4069399999999999,3188,0.0005787408415977002,1.40646,1.40917
200500,1.4068100000000001,1.40689,1.4083299999999999,1.40842,2447,0.00039711830271927447,1.40665,1.40925
200501,1.40832,1.4084,1.40736,1.4074200000000001,2173,0.00030521333024949434,1.40721,1.40877
200600,1.40734,1.4074200000000001,1.4074799999999998,1.40755,2008,0.00026481807547999004,1.40686,1.4080700000000002
200601,1.4075,1.40755,1.40571,1.4058,2190,0.0006445876633437318,1.40529,1.40798
200700,1.40575,1.40583,1.40688,1.40695,2246,0.0005654594213591902,1.40525,1.40743
200701,1.40687,1.4069200000000002,1.4065299999999998,1.40659,2182,0.00022689256600962732,1.4058700000000002,1.40699
200800,1.40656,1.40662,1.40806,1.40815,3214,0.0005463882474157879,1.40608,1.40889
200801,1.40811,1.40819,1.40907,1.40915,3759,0.0005192933026983537,1.4071200000000001,1.40952
200900,1.40903,1.40911,1.40785,1.40793,3399,0.0004941776813951235,1.40744,1.4095
200901,1.40783,1.40792,1.40821,1.4083,3907,0.0002412583310428467,1.40704,1.40847
201000,1.40824,1.40832,1.4103,1.41042,3896,0.000799348004119785,1.40806,1.41116
201001,1.41032,1.4104299999999999,1.40965,1.40974,3491,0.00044364142266665926,1.40923,1.4116
201100,1.40964,1.40971,1.4086299999999998,1.4087100000000001,3498,0.0004389145897133492,1.4076600000000001,1.40975
201101,1.40858,1.40865,1.40669,1.40673,3111,0.0005847883225018441,1.40636,1.4093799999999999
201200,1.40667,1.40673,1.4077600000000001,1.40784,1736,0.0003503119337711422,1.40635,1.40815
201201,1.40774,1.40783,1.40764,1.40773,1879,0.00029319476901891554,1.40666,1.40814
201300,1.4076600000000001,1.40775,1.4080700000000002,1.40816,1393,0.00018259216972873102,1.40725,1.40838
201301,1.40805,1.40814,1.40907,1.4094,2029,0.0006823959315550469,1.40739,1.4101700000000001
201400,1.4090799999999999,1.4094200000000001,1.40697,1.40706,5450,0.0006261409256267854,1.40683,1.41126
201401,1.40695,1.4071200000000001,1.4068100000000001,1.4069,2898,0.0002893252406092803,1.40645,1.40791
201500,1.40686,1.40696,1.40652,1.40667,1820,0.000375282718994798,1.40641,1.40845
201501,1.40652,1.40668,1.40851,1.4086100000000001,1683,0.0005668328764474674,1.40625,1.40899
201600,1.40857,1.40868,1.40888,1.40897,783,0.0003785622640859242,1.40757,1.40929
201601,1.40887,1.40897,1.40851,1.40895,1509,0.0001414448501205208,1.40839,1.40943
201700,1.40867,1.40916,1.40943,1.4098700000000002,646,0.0002497369038245302,1.40772,1.41
201701,1.40939,1.40984,1.4088100000000001,1.40898,568,0.00042212842650414794,1.4078899999999999,1.4101
201800,1.4087399999999999,1.40904,1.4092799999999999,1.40954,819,0.0003828246096444797,1.40859,1.41035
201801,1.4092799999999999,1.40953,1.40895,1.40913,971,0.00017401509916636527,1.40867,1.40965
201900,1.40897,1.40916,1.40913,1.40924,700,0.00010755489950294952,1.40877,1.4095799999999998
201901,1.40913,1.40926,1.4091200000000002,1.40926,869,0.0003765545084326844,1.40777,1.40936
202000,1.40913,1.40926,1.40925,1.40941,1616,0.0003044894095692116,1.40806,1.40974
202001,1.4092799999999999,1.40941,1.4092,1.40929,2160,0.0003820935353843662,1.4083299999999999,1.4102700000000001
202100,1.40914,1.4093,1.4088200000000002,1.409,1784,0.0002966768798120201,1.4079899999999999,1.4095799999999998
202101,1.4088,1.40898,1.41062,1.41075,1771,0.000751618442002539,1.4084299999999998,1.41119
202200,1.4106,1.4107399999999999,1.40822,1.40835,2042,0.0007076469650020922,1.40725,1.41076
202201,1.40821,1.4083299999999999,1.4082700000000001,1.4083700000000001,1416,0.00030238192367209037,1.40805,1.40952
202300,1.40824,1.4083700000000001,1.40802,1.4081,1494,0.0002534187135783691,1.40781,1.4091
202301,1.40804,1.4081299999999999,1.4091,1.40924,1222,0.00035108743576790324,1.40781,1.4093
210000,1.4090799999999999,1.40924,1.4079,1.40798,1357,0.00036492169898551686,1.40746,1.40924
210001,1.4079,1.40801,1.4066,1.40669,1434,0.00046545861042866056,1.40618,1.4083
210100,1.4066,1.40672,1.40638,1.40654,1553,0.0002378679868697051,1.40601,1.40723
210101,1.40638,1.40651,1.4064,1.40654,1146,0.00015165076402166768,1.40625,1.40711
210200,1.40641,1.40654,1.40619,1.40635,3163,0.0007824278106549,1.40457,1.40783
210201,1.40624,1.40635,1.40496,1.4053200000000001,2875,0.0005792039827449619,1.4041700000000001,1.40667
210300,1.40519,1.4054799999999998,1.4086100000000001,1.4089200000000002,3535,0.0011538321974538205,1.40519,1.41016
210301,1.40862,1.40896,1.41075,1.4108399999999999,3873,0.001706029099067443,1.40716,1.41311
210400,1.41072,1.41076,1.4130200000000002,1.4131,3598,0.0006641175476628491,1.41049,1.41361
210401,1.41304,1.4131200000000002,1.41006,1.41014,3727,0.0010013494862612278,1.40983,1.41436
210500,1.41005,1.4101,1.41229,1.41238,2649,0.0008146286655860513,1.4093799999999999,1.41279
210501,1.41226,1.41235,1.412,1.41209,2084,0.00030068142611286685,1.41152,1.41316
210600,1.412,1.41206,1.4155,1.4155799999999998,2879,0.0013663038564271305,1.41181,1.4167
210601,1.41547,1.41556,1.4142,1.4142700000000001,2038,0.0006105500150266063,1.4133,1.41588
210700,1.41419,1.4142700000000001,1.41333,1.4134200000000001,2150,0.00034591751418259467,1.4132200000000001,1.41472
210701,1.41335,1.41343,1.41246,1.41254,2349,0.0003640699371389378,1.41244,1.41446
210800,1.41245,1.41254,1.4118600000000001,1.41236,3114,0.0005596611391900265,1.4108,1.41336
210801,1.41177,1.41244,1.4123700000000001,1.41244,4127,0.00033433546022971697,1.41155,1.41329
210900,1.41235,1.41244,1.4116,1.4116799999999998,3649,0.0003264238345563329,1.41125,1.4130200000000002
210901,1.4115799999999998,1.4116600000000001,1.4109200000000002,1.41153,3774,0.0002491687355654803,1.41079,1.41249
211000,1.4109200000000002,1.4115799999999998,1.41214,1.41221,3983,0.0004825200318835133,1.41015,1.41346
211001,1.41214,1.41222,1.41203,1.41211,3338,0.00036958386569094253,1.41076,1.41254
211100,1.41205,1.41211,1.41022,1.4103,3653,0.0007294665825552302,1.41015,1.41315
211101,1.4102299999999999,1.4103,1.41064,1.4107299999999998,2098,0.00025829781026794985,1.40961,1.41116
211200,1.41062,1.4107100000000001,1.41016,1.41019,1440,0.00021739716443005793,1.40984,1.41096
211201,1.41014,1.41019,1.41146,1.41154,1177,0.00029844444964153525,1.41001,1.4116
211300,1.41141,1.41149,1.4107100000000001,1.4108,1365,0.0002430454702722556,1.41054,1.4117600000000001
211301,1.41069,1.41077,1.41008,1.41016,1177,0.00022819362437723952,1.41008,1.4112799999999999
211400,1.41009,1.41018,1.40953,1.4096,1025,0.0001908627815259894,1.40951,1.41041
211401,1.40954,1.40962,1.4101700000000001,1.41025,1265,0.00029002515167986655,1.40946,1.41088
211500,1.41018,1.4102700000000001,1.40977,1.40985,1205,0.0002439353353441503,1.40952,1.41048
211501,1.40975,1.40983,1.40854,1.40862,972,0.0003568784943805884,1.40839,1.4101700000000001
211600,1.40858,1.40867,1.4082700000000001,1.40835,412,0.00023189183729321536,1.4081299999999999,1.40916
211601,1.40826,1.40836,1.40746,1.40778,2337,0.0002239815941357575,1.40746,1.4088399999999999
211700,1.40746,1.40777,1.40752,1.40782,644,0.00021459377506648802,1.40689,1.4085
211701,1.40752,1.4078600000000001,1.40704,1.40736,1261,0.00026592738570861365,1.40618,1.4079
211800,1.407,1.40737,1.40713,1.4074200000000001,1726,0.00019573236604623895,1.40666,1.4081700000000001
211801,1.40715,1.4074200000000001,1.40669,1.4069200000000002,964,0.00018519367278649942,1.40662,1.40757
211900,1.40669,1.40689,1.4068,1.40686,981,0.00015688524563898777,1.40634,1.40723
211901,1.4068,1.40685,1.40662,1.40665,1149,0.00021502027734937414,1.40574,1.40689
212000,1.40662,1.40667,1.40648,1.40662,1630,0.00028219119181239176,1.40608,1.40745
212001,1.40647,1.40662,1.4056,1.40573,1463,0.00034045567980888267,1.40553,1.4070200000000002
212100,1.40555,1.40571,1.40524,1.4053799999999999,1815,0.00017945920372680594,1.40498,1.40609
212101,1.40523,1.4053799999999999,1.40625,1.4063700000000001,1664,0.0002181636785279393,1.4051799999999999,1.4065299999999998
212200,1.4062299999999999,1.4063700000000001,1.40706,1.4072,1586,0.00037654794505791563,1.40606,1.40761
212201,1.40707,1.40721,1.40631,1.40649,1754,0.0003709382764852601,1.40601,1.40777
212300,1.4063,1.40646,1.40605,1.4061700000000001,1227,0.0002610776490630189,1.40585,1.4071799999999999
212301,1.40604,1.40616,1.4066299999999998,1.4068100000000001,1792,0.00027584253699748656,1.40577,1.4071
220000,1.4066100000000001,1.40679,1.40647,1.40657,1411,0.00021039205656906275,1.40626,1.40726
220001,1.40646,1.40657,1.4069399999999999,1.40703,1511,0.00026250445140328887,1.4061,1.4072799999999999
220100,1.40691,1.40703,1.40691,1.40703,1208,0.00010802377179710613,1.40657,1.40729
220101,1.4069,1.40703,1.40736,1.40752,1543,0.00031986122396223516,1.40616,1.40785
220200,1.40737,1.40752,1.4079,1.40798,2800,0.00038546702005003977,1.40705,1.40909
220201,1.4079,1.4079700000000002,1.40715,1.40716,2131,0.0003164165331205629,1.40709,1.40872
220300,1.40715,1.40719,1.41208,1.4121700000000001,2674,0.0014410765162886708,1.40665,1.4121700000000001
220301,1.4120700000000002,1.4121700000000001,1.41139,1.41192,3001,0.0005533769593073539,1.41029,1.41305
220400,1.4124,1.41268,1.41282,1.4129,2910,0.0006095448273578882,1.41101,1.4138
220401,1.4128,1.41289,1.4138700000000002,1.41394,2228,0.0004251937903492519,1.41201,1.4139899999999999
220500,1.41384,1.41393,1.4150200000000002,1.41511,1952,0.00039483817212576097,1.41293,1.41511
220501,1.41501,1.41509,1.41705,1.4171200000000002,2558,0.0005916106848923152,1.41496,1.41757
220600,1.41706,1.41715,1.4191,1.41915,2329,0.0007120846322167848,1.41686,1.4197799999999998
220601,1.41907,1.41913,1.41816,1.41822,1989,0.0003766179359726271,1.4176,1.41923
220700,1.41815,1.41822,1.41767,1.41775,1784,0.00040530542904557187,1.4174,1.4191
220701,1.4176799999999998,1.41777,1.41539,1.41545,2631,0.0007545188431769266,1.41486,1.41815
220800,1.41543,1.4154799999999998,1.41582,1.4169200000000002,3153,0.0005280173183803678,1.41541,1.4176
220801,1.41333,1.41446,1.41331,1.41336,5664,0.001355871905184798,1.41275,1.41798
220900,1.41331,1.41334,1.40992,1.41003,5357,0.0007958139635500838,1.40865,1.4134200000000001
220901,1.40994,1.41005,1.40905,1.40913,4400,0.0005656846493248868,1.40693,1.41005
221000,1.40904,1.40913,1.4078899999999999,1.408,3448,0.0003721385280120639,1.40744,1.40941
221001,1.4078700000000002,1.40798,1.40899,1.4090799999999999,3347,0.0004434103716371175,1.40731,1.4093200000000001
221100,1.40901,1.40909,1.40991,1.4099899999999999,3053,0.00045391489639329285,1.40824,1.41015
221101,1.4099,1.4099700000000002,1.40959,1.40967,2368,0.00029406873941435297,1.40889,1.41008
221200,1.40957,1.4096600000000001,1.4088200000000002,1.40891,1546,0.00031962595861604465,1.40873,1.41025
221201,1.4088,1.40888,1.41042,1.41072,1376,0.0002690874115271809,1.40854,1.41083
221300,1.41049,1.41083,1.40835,1.4084299999999998,3028,0.0008173072661195065,1.4072200000000001,1.41123
221301,1.40832,1.4084,1.4089,1.40899,1643,0.00017768605512430123,1.4080700000000002,1.40919
221400,1.40888,1.40897,1.40876,1.40883,1010,0.00014376995383316485,1.4085,1.40926
221401,1.40876,1.40885,1.40826,1.40835,1042,0.00023781044470667508,1.4080700000000002,1.40913
221500,1.4082700000000001,1.40835,1.40784,1.40791,597,0.00033907440199966617,1.4074,1.4087
221501,1.40784,1.40793,1.40821,1.40829,857,0.000170726208761839,1.40782,1.40868
221600,1.40822,1.40831,1.40886,1.4089,438,0.00029016397311120145,1.4076600000000001,1.40921
221601,1.40886,1.4089399999999999,1.40525,1.4064,1067,0.0007668798434561708,1.40515,1.40896
241700,1.40582,1.40665,1.40547,1.40586,481,0.00035381130229260587,1.40517,1.40726
241701,1.40547,1.40588,1.40533,1.4057600000000001,1290,0.0009228905063202243,1.40355,1.40792
241800,1.40539,1.40567,1.40562,1.40594,1333,0.00036492563446993676,1.40465,1.40697
241801,1.4056,1.40594,1.40601,1.40639,795,0.00033940025484828913,1.4050200000000002,1.40666
241900,1.40601,1.40638,1.40713,1.40735,1643,0.00033806886329047547,1.406,1.4078
241901,1.40717,1.40737,1.40704,1.4071,1636,0.00023093784932452896,1.40632,1.40783
242000,1.40704,1.40706,1.40614,1.40628,2032,0.00030599664992130346,1.4061299999999999,1.40792
242001,1.4061299999999999,1.40629,1.40592,1.40601,1927,0.0003304144518458849,1.40534,1.40695
242100,1.40592,1.40603,1.4054200000000001,1.4055799999999998,1540,0.00033948581457315583,1.40497,1.40642
242101,1.4054200000000001,1.4055600000000001,1.40531,1.40546,1388,0.00017553338222984997,1.4046,1.40575
242200,1.4053200000000001,1.40549,1.40414,1.40428,1376,0.00029177875969523117,1.40403,1.40552
242201,1.40415,1.40429,1.4041,1.4042,1325,0.0001848992117895959,1.4037,1.40469
242300,1.40415,1.40425,1.40421,1.4043299999999999,1575,0.000205517049362162,1.40382,1.40517
242301,1.40422,1.4043299999999999,1.4042299999999999,1.4043299999999999,1146,0.0001734567413937066,1.4038899999999999,1.4048200000000002
250000,1.4042299999999999,1.40431,1.40314,1.4033,1247,0.0005534077672317072,1.4026100000000001,1.4048399999999999
250001,1.40314,1.40329,1.4031799999999999,1.40326,1632,0.00021104944372509553,1.4028200000000002,1.40403
250100,1.4031799999999999,1.40329,1.40388,1.40406,1452,0.0002970918067274538,1.40265,1.4041700000000001
250101,1.40388,1.40403,1.4043700000000001,1.40448,1510,0.0004315786906221106,1.40384,1.40591
250200,1.4043299999999999,1.40448,1.40488,1.40504,2167,0.00048545710638958796,1.40386,1.40654
250201,1.40488,1.40503,1.40503,1.4051200000000001,1144,0.00020894325948076026,1.40468,1.40565
250300,1.40506,1.40514,1.40351,1.40359,1308,0.000506965519510488,1.4034,1.40554
250301,1.40352,1.40361,1.40172,1.40181,1630,0.0007789924539527929,1.40086,1.40361
250400,1.40172,1.4017899999999999,1.40115,1.40124,1404,0.0002596410756019529,1.40056,1.40208
250401,1.40117,1.40126,1.40163,1.40171,1288,0.0002585050419728825,1.40088,1.40211
250500,1.40164,1.40173,1.40168,1.4017700000000002,1064,0.00024410528667898407,1.40149,1.40279
250501,1.4016600000000001,1.4017,1.4011799999999999,1.40131,797,0.00026994227984628304,1.40055,1.40186
250600,1.40126,1.4012799999999999,1.40146,1.40155,610,0.00013987814403579218,1.40095,1.40182
250601,1.40144,1.40151,1.40046,1.4005299999999998,583,0.00030955902788564583,1.4000299999999999,1.40155
250700,1.40045,1.4005299999999998,1.40178,1.40186,391,0.0004351716747644409,1.40024,1.40186
250701,1.4017600000000001,1.40185,1.40193,1.40202,565,0.000159164321505087,1.40144,1.40225
250800,1.40192,1.402,1.4026,1.40268,716,0.0001879231792596925,1.40185,1.40272
250801,1.40262,1.4027100000000001,1.4030799999999999,1.40317,611,0.00027133093837546123,1.40255,1.40372
250900,1.4031,1.4031799999999999,1.40221,1.4023,555,0.0003181210611212721,1.40211,1.40333
250901,1.40224,1.40232,1.40218,1.40226,675,0.000242009744767066,1.40165,1.40272
251000,1.4022,1.40228,1.4023,1.40242,1102,0.00028791787838794805,1.40145,1.4026
251001,1.40228,1.4024,1.40133,1.40145,1394,0.0002576827931147196,1.40104,1.40241
251100,1.40136,1.4014799999999998,1.4009200000000002,1.40104,1056,0.00012203622675154183,1.40081,1.4015799999999998
251101,1.40089,1.40101,1.4013,1.40142,665,0.0001936365984474164,1.40081,1.4016600000000001
251200,1.40129,1.40141,1.4019700000000002,1.40201,524,0.00022892204490415665,1.40105,1.40209
251201,1.4019700000000002,1.40204,1.40321,1.40354,654,0.00026981842093284805,1.4019700000000002,1.40359
251300,1.4031799999999999,1.40351,1.40298,1.4031,572,0.0001569554240659514,1.40247,1.40361
251301,1.4029399999999999,1.40323,1.40254,1.40259,881,0.00017872364538585865,1.40193,1.40323
251400,1.40258,1.40259,1.40289,1.40301,984,0.00023801812103698244,1.40171,1.4033799999999998
251401,1.4028200000000002,1.40313,1.40295,1.40307,330,0.00013765070533951776,1.40246,1.4032
251500,1.40298,1.4031,1.4028200000000002,1.40298,301,0.00011423331993887487,1.40258,1.40329
251501,1.4028100000000001,1.40298,1.40309,1.40321,457,0.00010646503932741087,1.40252,1.40335
251600,1.40298,1.40329,1.40301,1.40313,412,0.00015222448190791292,1.40256,1.40349
251601,1.403,1.40314,1.40277,1.40334,800,0.00013926892974922537,1.40259,1.40377
251700,1.4026299999999998,1.4034,1.40297,1.40339,502,0.0001676983014122325,1.40242,1.40372
251701,1.4029399999999999,1.40339,1.40317,1.40353,555,0.00023373308058200019,1.40235,1.40391
251800,1.40315,1.4035,1.40256,1.40275,1359,0.000185286147763721,1.40246,1.40367
251801,1.40256,1.40277,1.40239,1.40258,650,0.00029506478517497044,1.40172,1.40319
251900,1.40241,1.40255,1.40216,1.40228,579,0.0002257732243528584,1.4018899999999999,1.40299
251901,1.40216,1.40231,1.4021,1.40226,885,0.00029203211832879344,1.40136,1.40252
252000,1.4021,1.4022,1.40174,1.40188,1866,0.0002924732742692266,1.4010200000000002,1.4026299999999998
252001,1.40173,1.40188,1.3995600000000001,1.39971,2197,0.0008811685503428746,1.39907,1.40219
252100,1.3995600000000001,1.39975,1.39897,1.3991,1888,0.0003522239655799289,1.39866,1.40001
252101,1.39897,1.39909,1.39834,1.39847,1610,0.00021953044944712332,1.39815,1.39924
252200,1.39832,1.39845,1.39846,1.3986100000000001,1434,0.00020965145863402346,1.39783,1.39883
252201,1.39846,1.3986,1.39818,1.3983299999999999,1334,0.0002749593792578415,1.39811,1.39943
252300,1.3982,1.3983299999999999,1.39739,1.3975,993,0.0004039229978731912,1.39689,1.39839
252301,1.3974,1.39753,1.39688,1.39704,1160,0.00023419694774391456,1.3966399999999999,1.39774
260000,1.39688,1.3970200000000002,1.39689,1.39703,1200,0.00020616119523514249,1.39619,1.39733
260001,1.3969200000000002,1.39703,1.39645,1.3966100000000001,1245,0.00015100616499121752,1.3962,1.39709
260100,1.39644,1.39656,1.3965,1.39663,1700,0.00018984965278430387,1.39604,1.3973
260101,1.39659,1.39667,1.39625,1.39639,1464,0.00022907608196302771,1.3960700000000001,1.3972
260200,1.39626,1.39639,1.39731,1.3974600000000001,3811,0.0006412579763190914,1.39497,1.39798
260201,1.39733,1.39747,1.3966399999999999,1.39669,3913,0.0005508913798886937,1.39639,1.39888
260300,1.39665,1.39669,1.4006,1.40066,4406,0.0017360047516154502,1.39601,1.40161
260301,1.40058,1.40065,1.39959,1.3996,3672,0.0005188442884852811,1.39929,1.40204
260400,1.3995600000000001,1.39959,1.4007100000000001,1.40079,3354,0.00044124584245474544,1.39897,1.40096
260401,1.40068,1.40076,1.39926,1.3993,3511,0.00041129962012247925,1.39911,1.40117
260500,1.39937,1.39944,1.39782,1.3979,3072,0.0009370541743359682,1.39706,1.4008200000000002
260501,1.39782,1.39791,1.39819,1.39826,2594,0.00020762927195022642,1.39745,1.39868
260600,1.39819,1.3982700000000001,1.3965,1.39654,2879,0.0005743673796110456,1.39609,1.39926
260601,1.39647,1.39652,1.39794,1.39799,2580,0.00045006249382929114,1.3963700000000001,1.39859
260700,1.39794,1.39798,1.39921,1.39927,2666,0.0004394528997539766,1.39793,1.4000299999999999
260701,1.39921,1.39929,1.4012,1.4013,2251,0.0005777493663369378,1.3987399999999999,1.4013
260800,1.40121,1.40131,1.40106,1.40204,3822,0.0004994221376925695,1.40091,1.40355
260801,1.40113,1.40204,1.40601,1.40619,5355,0.0016683237470069068,1.39945,1.40619
260900,1.406,1.4061700000000001,1.40513,1.40521,4525,0.0006367155493080165,1.40416,1.4074200000000001
260901,1.40513,1.4052200000000001,1.40754,1.4081,4059,0.001081878123907108,1.40432,1.40826
261000,1.40749,1.40798,1.40557,1.40563,5082,0.001010320117409803,1.40501,1.4092799999999999
261001,1.4056,1.40563,1.40743,1.40753,4122,0.0005540628023684881,1.40507,1.40772
261100,1.40743,1.4075,1.4068100000000001,1.4069,4256,0.0002368827279270332,1.4066299999999998,1.40796
261101,1.4068399999999999,1.40693,1.40567,1.40575,3418,0.00031992372852671395,1.40559,1.40703
261200,1.4056899999999999,1.40578,1.4057899999999999,1.40584,2692,0.00021540666389980052,1.40498,1.4063
261201,1.40581,1.4058700000000002,1.40641,1.40642,1967,0.0003334587692252428,1.4050200000000002,1.40668
261300,1.4064299999999998,1.40651,1.40466,1.40475,2045,0.0005420187654738251,1.4043700000000001,1.4067100000000001
261301,1.40466,1.4047399999999999,1.4045299999999998,1.40456,1757,0.00019229569320244937,1.40396,1.40499
261400,1.4045100000000001,1.40456,1.40535,1.40539,1485,0.0002584193860889232,1.40439,1.40561
261401,1.40535,1.4054,1.40642,1.40652,1365,0.0002278774961341999,1.40521,1.40662
261500,1.40641,1.40655,1.4054,1.40549,1482,0.00022296191825628702,1.40525,1.4066
261501,1.4054200000000001,1.4055,1.4061,1.40619,1343,0.0003131752383502867,1.40496,1.40641
261600,1.40609,1.4061700000000001,1.40594,1.40602,550,0.00015266979260406343,1.40573,1.40659
261601,1.40584,1.40602,1.4052799999999999,1.40577,1697,0.0002516286283561969,1.40527,1.40683
261700,1.40506,1.40562,1.4053,1.4055799999999998,770,0.0005239472604801939,1.40506,1.40754
261701,1.4053,1.4055600000000001,1.40521,1.40572,353,0.00045547895708820875,1.40505,1.40705
261800,1.40526,1.40581,1.40605,1.40635,822,0.0002919007483134284,1.40526,1.40688
261801,1.40602,1.40635,1.40596,1.4061700000000001,680,0.00025294131981731913,1.40565,1.40703
261900,1.40593,1.4061700000000001,1.40546,1.4055600000000001,571,0.00027516900735680643,1.4053200000000001,1.40651
261901,1.40546,1.40555,1.4056600000000001,1.40578,752,0.00023903653454679702,1.40513,1.40632
262000,1.40563,1.40574,1.4052200000000001,1.40535,1159,0.00021762773636832373,1.40503,1.40619
262001,1.40533,1.40539,1.40455,1.4046,1058,0.0003537645533535086,1.40394,1.40545
262100,1.40455,1.4046299999999998,1.40557,1.40578,2204,0.0004698647316755825,1.40425,1.4064
262101,1.40559,1.40578,1.40498,1.40516,2193,0.00037212696479729004,1.40473,1.40665
262200,1.4050200000000002,1.40517,1.40392,1.40404,1552,0.0004430469626868631,1.40365,1.40559
262201,1.40396,1.40404,1.40421,1.4043299999999999,1612,0.00026136019352469034,1.40287,1.40459
262300,1.40419,1.4043299999999999,1.40485,1.40493,1200,0.000244603895755615,1.40388,1.4051
262301,1.4048399999999999,1.40493,1.40403,1.4042,1360,0.00022426608241459244,1.40367,1.40496
270000,1.40403,1.40422,1.40441,1.40459,1288,0.00036728805412461154,1.40337,1.4052200000000001
270001,1.40446,1.4046100000000001,1.40516,1.4053,1333,0.00031418248925729454,1.40422,1.40562
270100,1.40516,1.40531,1.40596,1.40611,2049,0.00026979808914114154,1.40511,1.40668
270101,1.40594,1.40609,1.40609,1.4062,2208,0.00020411803837518062,1.40561,1.40676
270200,1.40603,1.40618,1.40656,1.40659,3029,0.00040598420493520354,1.4051,1.4074799999999998
270201,1.40658,1.40665,1.4062299999999999,1.40631,2955,0.0002995395560959168,1.4055799999999998,1.4070799999999999
270300,1.40628,1.40636,1.4081299999999999,1.40819,3670,0.0005746965537084705,1.40571,1.4084
270301,1.4081299999999999,1.40821,1.4098600000000001,1.40993,3502,0.0006520279381062209,1.40764,1.41026
270400,1.40985,1.40993,1.40907,1.40915,3193,0.0004358811116004655,1.4089399999999999,1.41086
270401,1.40911,1.40917,1.41,1.41008,2480,0.00040661851789469515,1.40898,1.4108399999999999
270500,1.40998,1.41006,1.41004,1.41012,2207,0.0004984687575063588,1.4092200000000001,1.41139
270501,1.41002,1.41011,1.4095799999999998,1.4096899999999999,2777,0.0004270659426587291,1.40883,1.4108399999999999
270600,1.40953,1.40964,1.41121,1.41124,3146,0.0005974317716190217,1.40822,1.41151
270601,1.41121,1.41125,1.41004,1.4101,3179,0.0004939690737716646,1.40854,1.4114200000000001
270700,1.41005,1.4101,1.41096,1.41105,2024,0.00023534635172507224,1.40995,1.41113
270701,1.41098,1.41106,1.4090799999999999,1.40916,2740,0.0007478563864010519,1.4086100000000001,1.41136
270800,1.40906,1.40914,1.40743,1.40752,3848,0.000548356827914507,1.40724,1.41
270801,1.40747,1.40755,1.40746,1.40754,4416,0.0003116371787396499,1.4061700000000001,1.40792
270900,1.40744,1.40752,1.40549,1.40557,3750,0.0009623457733797067,1.4046299999999998,1.40859
270901,1.40551,1.4055799999999998,1.4067,1.4068,4645,0.0011406541347234176,1.40396,1.40869
271000,1.4067399999999999,1.4068399999999999,1.40924,1.4093200000000001,5104,0.0011584459970167803,1.40614,1.41147
271001,1.4092,1.40929,1.4099700000000002,1.41008,4482,0.0006334810311214191,1.4083299999999999,1.41144
271100,1.40998,1.41008,1.4099,1.40998,3758,0.0002512961548104952,1.4092,1.4107100000000001
271101,1.4098600000000001,1.40994,1.41192,1.412,2854,0.0005705067327854978,1.4098600000000001,1.41327
271200,1.41193,1.41202,1.41111,1.41119,1560,0.0003872880491116583,1.4109,1.41259
271201,1.4112,1.4112200000000001,1.41143,1.41144,1131,0.0003627664190861529,1.41097,1.41257
271300,1.41144,1.41152,1.41159,1.4116600000000001,1239,0.0002461848379995227,1.41104,1.41238
271301,1.41159,1.41167,1.4117899999999999,1.4118600000000001,1020,0.00015841545999471565,1.41093,1.41194
271400,1.4117899999999999,1.41184,1.41087,1.41096,1210,0.00044602871309327644,1.4104299999999999,1.41206
271401,1.41086,1.4109399999999999,1.41066,1.4108100000000001,1191,0.00025808285316295427,1.4096899999999999,1.411
271500,1.41068,1.41083,1.4108,1.41088,812,0.0002251792857534507,1.4095799999999998,1.41088
271501,1.4108100000000001,1.4109,1.41,1.41001,1568,0.00041935747958867853,1.40992,1.41204
271600,1.41002,1.41008,1.4106299999999998,1.4107100000000001,608,0.00020464278345433266,1.41002,1.41127
271601,1.41062,1.41072,1.41068,1.41113,2381,0.0004348729618599428,1.40972,1.41265
271700,1.41068,1.4112200000000001,1.41001,1.41032,845,0.00054416236454469,1.40949,1.41224
271701,1.41001,1.41031,1.40952,1.4096600000000001,571,0.0002494094798537379,1.40949,1.41068
271800,1.40951,1.4096799999999998,1.40961,1.40984,1563,0.0001724911698803096,1.40947,1.41062
271801,1.40959,1.40984,1.41011,1.41025,967,0.0001587131016939801,1.40957,1.41069
271900,1.41016,1.41025,1.41006,1.41019,917,0.00014839995600413668,1.40964,1.41064
271901,1.41008,1.41019,1.40876,1.40891,1031,0.00023456589684666654,1.4087399999999999,1.4102
272000,1.40873,1.40889,1.4083700000000001,1.40852,1779,0.00017855469147280302,1.40815,1.40924
272001,1.4083700000000001,1.4085299999999998,1.40857,1.4087399999999999,2232,0.0004733426765312965,1.40829,1.4104299999999999
272100,1.40857,1.40875,1.40755,1.40828,2044,0.0005283336233937722,1.40635,1.40885
272101,1.40729,1.40828,1.41824,1.4184299999999999,3889,0.0018999084976365078,1.40729,1.41974
272200,1.41828,1.41846,1.4188100000000001,1.4189,2538,0.00044966861656874253,1.4179,1.42021
272201,1.41882,1.4189200000000002,1.4178600000000001,1.41809,2938,0.00048636115190385136,1.4177799999999998,1.4206299999999998
272300,1.41788,1.41809,1.42001,1.42021,2610,0.0008723888657153771,1.4176600000000001,1.42115
272301,1.42,1.4202,1.4197899999999999,1.41996,1949,0.0004245282244249256,1.41911,1.42137
280000,1.4197899999999999,1.41993,1.42121,1.42134,1721,0.00035523678723575606,1.41973,1.42167
280001,1.4211799999999999,1.42134,1.41998,1.42016,1478,0.0003637011902123933,1.41998,1.42165
280100,1.4199700000000002,1.42016,1.41834,1.4185,2480,0.0006313125649454835,1.41804,1.42066
280101,1.41839,1.41851,1.41705,1.4172200000000001,2783,0.00049625991642299,1.4161299999999999,1.41854
280200,1.4170399999999999,1.41719,1.4195200000000001,1.41967,4129,0.0008619970626746478,1.41636,1.41992
280201,1.4195200000000001,1.4196600000000001,1.42072,1.42077,3067,0.0003594546828410794,1.4186,1.42089
280300,1.4207299999999998,1.42077,1.42103,1.42111,3626,0.00029198034154207756,1.4199899999999999,1.42149
280301,1.42101,1.4211,1.42334,1.4234200000000001,2843,0.0010621056521695244,1.42072,1.42489
280400,1.42334,1.42339,1.42403,1.42405,3105,0.0003475098176453212,1.42321,1.42478
280401,1.42403,1.42405,1.42521,1.4254200000000001,3528,0.00048105319332892405,1.42403,1.4265299999999999
280500,1.42521,1.4254,1.42605,1.42614,2723,0.0004223883044688799,1.42446,1.4262299999999999
280501,1.42603,1.42611,1.4274799999999999,1.42757,3355,0.0006101939236112612,1.42588,1.4282700000000002
280600,1.4274799999999999,1.42755,1.42868,1.42877,2996,0.0006219678418480395,1.42672,1.4292799999999999
280601,1.42869,1.4287100000000001,1.4279,1.42798,2519,0.0004024888785966285,1.42668,1.42876
280700,1.4278899999999999,1.42798,1.42579,1.4258600000000001,3672,0.0007209921067053292,1.42495,1.42812
280701,1.42581,1.4258600000000001,1.42414,1.4242,3368,0.0005361218872855043,1.4234799999999999,1.4259600000000001
280800,1.42414,1.42422,1.4265,1.4270200000000002,3515,0.0008653122196602219,1.42372,1.42757
280801,1.42755,1.4280700000000002,1.42677,1.42686,4339,0.0006889424702122628,1.42563,1.42963
280900,1.42672,1.4268100000000001,1.42753,1.4276200000000001,2967,0.0006206894783449411,1.42511,1.42763
280901,1.4275200000000001,1.4276,1.4273,1.4276200000000001,3804,0.00046428325222734,1.42621,1.4287100000000001
281000,1.4274200000000001,1.42759,1.42879,1.42887,4310,0.0006667622218955686,1.4263299999999999,1.42984
281001,1.42877,1.42886,1.42906,1.4291,3884,0.0006801387365575986,1.42661,1.4301700000000002
281100,1.4290200000000002,1.42906,1.42949,1.4295799999999999,3422,0.000452705884849981,1.42859,1.43075
281101,1.4296,1.42971,1.43006,1.43014,2574,0.0005857154763160073,1.42943,1.43195
281200,1.43002,1.4301,1.4302,1.43029,2679,0.0005512546835144379,1.42773,1.43082
281201,1.43019,1.4302700000000002,1.4298799999999998,1.4299600000000001,2265,0.0003445490119536164,1.4296200000000001,1.43123
281300,1.4298600000000001,1.42994,1.43131,1.43139,2672,0.00040607565957934735,1.42972,1.4316799999999998
281301,1.43131,1.4313799999999999,1.42955,1.42964,2127,0.00031887174671616625,1.42955,1.43149
281400,1.42959,1.42967,1.42983,1.42991,1687,0.0001629023176360552,1.4292799999999999,1.4301700000000002
281401,1.42981,1.4299,1.43117,1.4313,1775,0.0005142870260357826,1.4292200000000002,1.43166
281500,1.43126,1.4312799999999999,1.43015,1.43024,1775,0.00044302563251901876,1.4298,1.43164
281501,1.43014,1.43022,1.43071,1.43082,1307,0.00037790340111325846,1.4294200000000001,1.43099
281600,1.43071,1.43072,1.4312,1.4312799999999999,674,0.00017817873252602928,1.43062,1.43154
281601,1.43117,1.43126,1.43107,1.43153,949,0.00022031916572274725,1.43024,1.43159
281700,1.43079,1.43183,1.43235,1.43277,972,0.0005965021124925477,1.43079,1.43413
281701,1.43235,1.4328299999999998,1.43198,1.43229,627,0.000384693869593082,1.43131,1.43323
281800,1.432,1.43241,1.43171,1.43195,2063,0.0005622160890933565,1.43113,1.43344
281801,1.43173,1.43195,1.4323299999999999,1.4325299999999999,1307,0.00034316669966447696,1.4311200000000002,1.43265
281900,1.4323700000000001,1.4325299999999999,1.43225,1.4324,1225,0.00019926171021626113,1.43195,1.43289
281901,1.4322700000000002,1.4324,1.43173,1.43185,1595,0.00041764513733048446,1.43136,1.43299
282000,1.43175,1.43187,1.4324299999999999,1.4325700000000001,2015,0.0003756775254653215,1.4311399999999999,1.43282
282001,1.43244,1.4325700000000001,1.4313799999999999,1.43157,1885,0.0005083584386092538,1.43024,1.4329100000000001
282100,1.43145,1.43159,1.43129,1.43143,2497,0.0006077498781541954,1.4307299999999998,1.43315
282101,1.43127,1.43136,1.42997,1.4300700000000002,1821,0.0007265064390969682,1.42957,1.43235
282200,1.42995,1.4300700000000002,1.4292,1.42936,1787,0.0005825572785593666,1.4284,1.43082
282201,1.4292,1.42934,1.4296200000000001,1.42979,1682,0.00028134317857649293,1.42882,1.4301700000000002
282300,1.42964,1.4297600000000001,1.43016,1.43029,1307,0.00039738181606791727,1.4292,1.43095
282301,1.43015,1.43029,1.42985,1.43,1471,0.00024138330592282287,1.42985,1.4314
290000,1.42985,1.42998,1.42944,1.42954,1473,0.00030050860838533896,1.42888,1.4304299999999999
290001,1.42946,1.42954,1.42893,1.4291,1348,0.0001714460556157405,1.42893,1.4298799999999998
290100,1.42897,1.4291,1.429,1.4291399999999999,1574,0.00033502295587103947,1.42845,1.42997
290101,1.429,1.42913,1.4296,1.42981,1700,0.000204809812698203,1.4288100000000001,1.42995
290200,1.42957,1.4298,1.42966,1.4297799999999998,2828,0.00039794575340911794,1.4285299999999999,1.43061
290201,1.42964,1.4297799999999998,1.42812,1.42819,3077,0.0004343092072757027,1.42765,1.43
290300,1.42815,1.42822,1.43004,1.4302,3304,0.0006479615534846,1.4279,1.43119
290301,1.4300700000000002,1.4302,1.43214,1.4322,3043,0.0007707256570994602,1.42874,1.43236
290400,1.43215,1.4322,1.4330399999999999,1.43309,3092,0.00046912115988142073,1.43184,1.4339899999999999
290401,1.43299,1.43307,1.4319600000000001,1.43205,2397,0.0004610682761261244,1.4311,1.43336
290500,1.4319600000000001,1.43204,1.43292,1.433,2505,0.00030953606734403124,1.43182,1.43354
290501,1.4329100000000001,1.43299,1.43438,1.43444,3016,0.0004380598665474484,1.4326,1.43471
290600,1.43438,1.4344299999999999,1.43379,1.43387,2448,0.00027831783287901157,1.43349,1.4352
290601,1.43375,1.43384,1.4330100000000001,1.43309,2787,0.0005411768856547627,1.43198,1.43414
290700,1.43315,1.4332,1.43265,1.43272,2549,0.0002839095594554713,1.43216,1.43364
290701,1.43265,1.43271,1.4345700000000001,1.43465,2378,0.0007799212134111966,1.43215,1.43513
290800,1.43459,1.4346700000000001,1.43355,1.4349100000000001,3049,0.00028641406718544316,1.43341,1.43495
290801,1.43347,1.43449,1.4357,1.4358,4602,0.0008896093072123764,1.43292,1.43703
290900,1.43567,1.4357799999999998,1.43626,1.43634,3438,0.0005358611024527466,1.4351,1.43761
290901,1.43629,1.43638,1.4366,1.43669,4126,0.0005161198586264351,1.43534,1.43783
291000,1.4366,1.43669,1.4364299999999999,1.43651,3845,0.00047354817116988216,1.4355,1.4377799999999998
291001,1.43641,1.43649,1.4316,1.43166,3548,0.001262497276237375,1.4316,1.43702
291100,1.4316,1.43167,1.43469,1.43478,3865,0.000969426372149233,1.43117,1.43577
291101,1.43466,1.43475,1.43545,1.4355799999999999,2888,0.00042525774294606124,1.43415,1.43623
291200,1.4354200000000001,1.43556,1.43459,1.43465,2320,0.000496957250705643,1.4343,1.4365
291201,1.43455,1.43464,1.43372,1.43381,1473,0.0003421575629549703,1.4336,1.43527
291300,1.4337600000000001,1.43385,1.43372,1.4338,1266,0.0003892301719504258,1.43331,1.43521
291301,1.43367,1.43375,1.4340600000000001,1.43413,1081,0.00028223220852486664,1.43364,1.43495
291400,1.43403,1.43411,1.43506,1.43513,1061,0.00027513778733538136,1.4339,1.4353
291401,1.43506,1.43515,1.43462,1.4347,1328,0.000304501633049407,1.43392,1.4354799999999999
291500,1.4346,1.43469,1.43536,1.43545,1082,0.0003342483089118094,1.43422,1.43565
291501,1.43534,1.43543,1.4364299999999999,1.43658,1268,0.0004035674132784447,1.43533,1.4373
291600,1.43646,1.43656,1.43721,1.4373,685,0.00046442550034962493,1.43561,1.4375799999999999
291601,1.4372,1.43728,1.43767,1.43855,902,0.0004221555949390329,1.4361899999999999,1.43855
311700,1.4374200000000001,1.43872,1.4346,1.4358899999999999,167,0.0010543219306386345,1.4346,1.43918
311701,1.4351200000000002,1.43613,1.43559,1.43624,483,0.00029090709861982875,1.43496,1.43685
311800,1.43583,1.4364,1.43713,1.4374200000000001,827,0.0002543996563069037,1.43583,1.43771
311801,1.43713,1.43746,1.4356799999999998,1.43595,797,0.000607076518983445,1.43498,1.43754
311900,1.4356799999999998,1.43594,1.4341899999999999,1.43438,1146,0.000542284667874403,1.4339,1.43611
311901,1.43418,1.43438,1.43384,1.43398,1348,0.00030082574230445733,1.43309,1.4347299999999998
312000,1.43385,1.4339899999999999,1.4314200000000001,1.43154,1771,0.0009805227751908633,1.43076,1.4344299999999999
312001,1.43139,1.43151,1.4309399999999999,1.43144,1952,0.000300394807333514,1.43082,1.4322700000000002
312100,1.4309399999999999,1.43144,1.43035,1.4314,1754,0.000361343137908756,1.42998,1.43245
312101,1.43031,1.4314,1.43004,1.43019,2327,0.0007600034774039048,1.4286299999999998,1.43287
312200,1.43011,1.43021,1.4300700000000002,1.4301700000000002,1423,0.00033369006755344194,1.42852,1.43028
312201,1.4300700000000002,1.43021,1.43129,1.43144,1341,0.0005008705524768842,1.42991,1.4323299999999999
312300,1.4313200000000001,1.43147,1.4312,1.43133,1307,0.0003020660993587995,1.4311200000000002,1.43256
312301,1.4312,1.43131,1.4317600000000001,1.4318899999999999,1146,0.0004673723953749511,1.4300899999999999,1.4319899999999999
